ts_code,name,trade_date,list_status,list_date,research_start,research_end,freeze_date
000006.SZ,深振业A,20191231,L,19920427,20191231,20260901,2026-10-08
000008.SZ,神州高铁,20191231,L,19920507,20191231,20260901,2026-10-08
000009.SZ,中国宝安,20191231,L,19910625,20191231,20260901,2026-10-08
000012.SZ,南玻A,20191231,L,19920228,20191231,20260901,2026-10-08
000021.SZ,深科技,20191231,L,19940202,20191231,20260901,2026-10-08
000025.SZ,特力A,20191231,L,19930621,20191231,20260901,2026-10-08
000027.SZ,深圳能源,20191231,L,19930903,20191231,20260901,2026-10-08
000028.SZ,国药一致,20191231,L,19930809,20191231,20260901,2026-10-08
000031.SZ,大悦城,20191231,L,19931008,20191231,20260901,2026-10-08
000039.SZ,中集集团,20191231,L,19940408,20191231,20260901,2026-10-08
000050.SZ,深天马A,20191231,L,19950315,20191231,20260901,2026-10-08
000060.SZ,中金岭南,20191231,L,19970123,20191231,20260901,2026-10-08
000061.SZ,农产品,20191231,L,19970110,20191231,20260901,2026-10-08
000062.SZ,深圳华强,20191231,L,19970130,20191231,20260901,2026-10-08
000066.SZ,中国长城,20191231,L,19970626,20191231,20260901,2026-10-08
000078.SZ,ST海王,20191231,L,19981218,20191231,20260901,2026-10-08
000089.SZ,深圳机场,20191231,L,19980420,20191231,20260901,2026-10-08
000090.SZ,天健集团,20191231,L,19990721,20191231,20260901,2026-10-08
000156.SZ,华数传媒,20191231,L,20000906,20191231,20260901,2026-10-08
000158.SZ,常山北明,20191231,L,20000724,20191231,20260901,2026-10-08
000301.SZ,东方盛虹,20191231,L,20000529,20191231,20260901,2026-10-08
000400.SZ,许继电气,20191231,L,19970418,20191231,20260901,2026-10-08
000401.SZ,金隅冀东,20191231,L,19960614,20191231,20260901,2026-10-08
000402.SZ,金融街,20191231,L,19960626,20191231,20260901,2026-10-08
000426.SZ,兴业银锡,20191231,L,19960828,20191231,20260901,2026-10-08
000488.SZ,ST晨鸣,20191231,L,20001120,20191231,20260901,2026-10-08
000501.SZ,武商集团,20191231,L,19921120,20191231,20260901,2026-10-08
000513.SZ,丽珠集团,20191231,L,19931028,20191231,20260901,2026-10-08
000519.SZ,中兵红箭,20191231,L,19931008,20191231,20260901,2026-10-08
000528.SZ,柳工,20191231,L,19931118,20191231,20260901,2026-10-08
000536.SZ,华映科技,20191231,L,19931126,20191231,20260901,2026-10-08
000537.SZ,绿发电力,20191231,L,19931210,20191231,20260901,2026-10-08
000543.SZ,皖能电力,20191231,L,19931220,20191231,20260901,2026-10-08
000547.SZ,航天发展,20191231,L,19931130,20191231,20260901,2026-10-08
000553.SZ,安道麦A,20191231,L,19931203,20191231,20260901,2026-10-08
000559.SZ,万向钱潮,20191231,L,19940110,20191231,20260901,2026-10-08
000563.SZ,陕国投A,20191231,L,19940110,20191231,20260901,2026-10-08
000564.SZ,供销大集,20191231,L,19940110,20191231,20260901,2026-10-08
000581.SZ,威孚高科,20191231,L,19980924,20191231,20260901,2026-10-08
000598.SZ,兴蓉环境,20191231,L,19960529,20191231,20260901,2026-10-08
000600.SZ,建投能源,20191231,L,19960606,20191231,20260901,2026-10-08
000623.SZ,吉林敖东,20191231,L,19961028,20191231,20260901,2026-10-08
000636.SZ,风华高科,20191231,L,19961129,20191231,20260901,2026-10-08
000681.SZ,视觉中国,20191231,L,19970121,20191231,20260901,2026-10-08
000685.SZ,中山公用,20191231,L,19970123,20191231,20260901,2026-10-08
000686.SZ,东北证券,20191231,L,19970227,20191231,20260901,2026-10-08
000690.SZ,宝新能源,20191231,L,19970128,20191231,20260901,2026-10-08
000712.SZ,锦龙股份,20191231,L,19970415,20191231,20260901,2026-10-08
000717.SZ,中南股份,20191231,L,19970508,20191231,20260901,2026-10-08
000718.SZ,苏宁环球,20191231,L,19970408,20191231,20260901,2026-10-08
000727.SZ,冠捷科技,20191231,L,19970520,20191231,20260901,2026-10-08
000729.SZ,燕京啤酒,20191231,L,19970716,20191231,20260901,2026-10-08
000738.SZ,航发控制,20191231,L,19970626,20191231,20260901,2026-10-08
000750.SZ,国海证券,20191231,L,19970709,20191231,20260901,2026-10-08
000758.SZ,中色股份,20191231,L,19970416,20191231,20260901,2026-10-08
000761.SZ,本钢板材,20191231,L,19980115,20191231,20260901,2026-10-08
000766.SZ,通化金马,20191231,L,19970430,20191231,20260901,2026-10-08
000778.SZ,新兴铸管,20191231,L,19970606,20191231,20260901,2026-10-08
000807.SZ,云铝股份,20191231,L,19980408,20191231,20260901,2026-10-08
000813.SZ,德展健康,20191231,L,19980519,20191231,20260901,2026-10-08
000825.SZ,太钢不锈,20191231,L,19981021,20191231,20260901,2026-10-08
000826.SZ,*ST启环,20191231,L,19980225,20191231,20260901,2026-10-08
000830.SZ,鲁西化工,20191231,L,19980807,20191231,20260901,2026-10-08
000848.SZ,承德露露,20191231,L,19971113,20191231,20260901,2026-10-08
000869.SZ,张裕A,20191231,L,20001026,20191231,20260901,2026-10-08
000877.SZ,天山股份,20191231,L,19990107,20191231,20260901,2026-10-08
000878.SZ,云南铜业,20191231,L,19980602,20191231,20260901,2026-10-08
000883.SZ,湖北能源,20191231,L,19980519,20191231,20260901,2026-10-08
000887.SZ,中鼎股份,20191231,L,19981203,20191231,20260901,2026-10-08
000930.SZ,中粮科技,20191231,L,19990712,20191231,20260901,2026-10-08
000932.SZ,华菱钢铁,20191231,L,19990803,20191231,20260901,2026-10-08
000937.SZ,冀中能源,20191231,L,19990909,20191231,20260901,2026-10-08
000959.SZ,首钢股份,20191231,L,19991216,20191231,20260901,2026-10-08
000960.SZ,锡业股份,20191231,L,20000221,20191231,20260901,2026-10-08
000967.SZ,盈峰环境,20191231,L,20000330,20191231,20260901,2026-10-08
000970.SZ,中科三环,20191231,L,20000420,20191231,20260901,2026-10-08
000975.SZ,山金国际,20191231,L,20000608,20191231,20260901,2026-10-08
000980.SZ,众泰汽车,20191231,L,20000616,20191231,20260901,2026-10-08
000983.SZ,山西焦煤,20191231,L,20000726,20191231,20260901,2026-10-08
000987.SZ,越秀资本,20191231,L,20000718,20191231,20260901,2026-10-08
000988.SZ,华工科技,20191231,L,20000608,20191231,20260901,2026-10-08
000990.SZ,诚志股份,20191231,L,20000706,20191231,20260901,2026-10-08
000997.SZ,新大陆,20191231,L,20000807,20191231,20260901,2026-10-08
000998.SZ,隆平高科,20191231,L,20001211,20191231,20260901,2026-10-08
000999.SZ,华润三九,20191231,L,20000309,20191231,20260901,2026-10-08
001872.SZ,招商港口,20191231,L,19930505,20191231,20260901,2026-10-08
002004.SZ,华邦健康,20191231,L,20040625,20191231,20260901,2026-10-08
002019.SZ,亿帆医药,20191231,L,20040713,20191231,20260901,2026-10-08
002028.SZ,思源电气,20191231,L,20040805,20191231,20260901,2026-10-08
002030.SZ,达安基因,20191231,L,20040809,20191231,20260901,2026-10-08
002038.SZ,双鹭药业,20191231,L,20040909,20191231,20260901,2026-10-08
002048.SZ,宁波华翔,20191231,L,20050603,20191231,20260901,2026-10-08
002049.SZ,紫光国微,20191231,L,20050606,20191231,20260901,2026-10-08
002051.SZ,中工国际,20191231,L,20060619,20191231,20260901,2026-10-08
002056.SZ,横店东磁,20191231,L,20060802,20191231,20260901,2026-10-08
002064.SZ,华峰化学,20191231,L,20060823,20191231,20260901,2026-10-08
002065.SZ,东华软件,20191231,L,20060823,20191231,20260901,2026-10-08
002074.SZ,国轩高科,20191231,L,20061018,20191231,20260901,2026-10-08
002075.SZ,沙钢股份,20191231,L,20061025,20191231,20260901,2026-10-08
002078.SZ,太阳纸业,20191231,L,20061116,20191231,20260901,2026-10-08
002085.SZ,万丰奥威,20191231,L,20061128,20191231,20260901,2026-10-08
002092.SZ,中泰化学,20191231,L,20061208,20191231,20260901,2026-10-08
002093.SZ,国脉科技,20191231,L,20061215,20191231,20260901,2026-10-08
002110.SZ,三钢闽光,20191231,L,20070126,20191231,20260901,2026-10-08
002127.SZ,南极电商,20191231,L,20070418,20191231,20260901,2026-10-08
002128.SZ,电投能源,20191231,L,20070418,20191231,20260901,2026-10-08
002129.SZ,TCL中环,20191231,L,20070420,20191231,20260901,2026-10-08
002131.SZ,利欧股份,20191231,L,20070427,20191231,20260901,2026-10-08
002152.SZ,广电运通,20191231,L,20070813,20191231,20260901,2026-10-08
002155.SZ,湖南黄金,20191231,L,20070816,20191231,20260901,2026-10-08
002174.SZ,游族网络,20191231,L,20070925,20191231,20260901,2026-10-08
002176.SZ,江特电机,20191231,L,20071012,20191231,20260901,2026-10-08
002180.SZ,奔图科技,20191231,L,20071113,20191231,20260901,2026-10-08
002183.SZ,怡亚通,20191231,L,20071113,20191231,20260901,2026-10-08
002191.SZ,劲嘉股份,20191231,L,20071205,20191231,20260901,2026-10-08
002195.SZ,岩山科技,20191231,L,20071212,20191231,20260901,2026-10-08
002203.SZ,海亮股份,20191231,L,20080116,20191231,20260901,2026-10-08
002212.SZ,天融信,20191231,L,20080201,20191231,20260901,2026-10-08
002217.SZ,ST合力泰,20191231,L,20080220,20191231,20260901,2026-10-08
002221.SZ,东华能源,20191231,L,20080306,20191231,20260901,2026-10-08
002223.SZ,鱼跃医疗,20191231,L,20080418,20191231,20260901,2026-10-08
002233.SZ,塔牌集团,20191231,L,20080516,20191231,20260901,2026-10-08
002242.SZ,九阳股份,20191231,L,20080528,20191231,20260901,2026-10-08
002244.SZ,滨江集团,20191231,L,20080529,20191231,20260901,2026-10-08
002249.SZ,大洋电机,20191231,L,20080619,20191231,20260901,2026-10-08
002250.SZ,联化科技,20191231,L,20080619,20191231,20260901,2026-10-08
002266.SZ,浙富控股,20191231,L,20080806,20191231,20260901,2026-10-08
002268.SZ,电科网安,20191231,L,20080811,20191231,20260901,2026-10-08
002273.SZ,水晶光电,20191231,L,20080919,20191231,20260901,2026-10-08
002281.SZ,光迅科技,20191231,L,20090821,20191231,20260901,2026-10-08
002285.SZ,世联行,20191231,L,20090828,20191231,20260901,2026-10-08
002302.SZ,西部建设,20191231,L,20091103,20191231,20260901,2026-10-08
002317.SZ,众生药业,20191231,L,20091211,20191231,20260901,2026-10-08
002340.SZ,格林美,20191231,L,20100122,20191231,20260901,2026-10-08
002353.SZ,杰瑞股份,20191231,L,20100205,20191231,20260901,2026-10-08
002358.SZ,森源电气,20191231,L,20100210,20191231,20260901,2026-10-08
002366.SZ,融发核电,20191231,L,20100312,20191231,20260901,2026-10-08
002368.SZ,太极股份,20191231,L,20100312,20191231,20260901,2026-10-08
002371.SZ,北方华创,20191231,L,20100316,20191231,20260901,2026-10-08
002372.SZ,伟星新材,20191231,L,20100318,20191231,20260901,2026-10-08
002373.SZ,千方科技,20191231,L,20100318,20191231,20260901,2026-10-08
002375.SZ,亚厦股份,20191231,L,20100323,20191231,20260901,2026-10-08
002382.SZ,蓝帆医疗,20191231,L,20100402,20191231,20260901,2026-10-08
002384.SZ,东山精密,20191231,L,20100409,20191231,20260901,2026-10-08
002385.SZ,大北农,20191231,L,20100409,20191231,20260901,2026-10-08
002387.SZ,维信诺,20191231,L,20100413,20191231,20260901,2026-10-08
002390.SZ,信邦制药,20191231,L,20100416,20191231,20260901,2026-10-08
002399.SZ,海普瑞,20191231,L,20100506,20191231,20260901,2026-10-08
002407.SZ,多氟多,20191231,L,20100518,20191231,20260901,2026-10-08
002408.SZ,齐翔腾达,20191231,L,20100518,20191231,20260901,2026-10-08
002414.SZ,高德红外,20191231,L,20100716,20191231,20260901,2026-10-08
002416.SZ,爱施德,20191231,L,20100528,20191231,20260901,2026-10-08
002419.SZ,天虹股份,20191231,L,20100601,20191231,20260901,2026-10-08
002423.SZ,中粮资本,20191231,L,20100603,20191231,20260901,2026-10-08
002424.SZ,ST百灵,20191231,L,20100603,20191231,20260901,2026-10-08
002426.SZ,胜利精密,20191231,L,20100608,20191231,20260901,2026-10-08
002434.SZ,万里扬,20191231,L,20100618,20191231,20260901,2026-10-08
002437.SZ,誉衡药业,20191231,L,20100623,20191231,20260901,2026-10-08
002439.SZ,启明星辰,20191231,L,20100623,20191231,20260901,2026-10-08
002440.SZ,闰土股份,20191231,L,20100706,20191231,20260901,2026-10-08
002444.SZ,巨星科技,20191231,L,20100713,20191231,20260901,2026-10-08
002463.SZ,沪电股份,20191231,L,20100818,20191231,20260901,2026-10-08
002465.SZ,海格通信,20191231,L,20100831,20191231,20260901,2026-10-08
002470.SZ,金正大,20191231,L,20100908,20191231,20260901,2026-10-08
002482.SZ,广田集团,20191231,L,20100929,20191231,20260901,2026-10-08
002491.SZ,通鼎互联,20191231,L,20101021,20191231,20260901,2026-10-08
002500.SZ,山西证券,20191231,L,20101115,20191231,20260901,2026-10-08
002507.SZ,涪陵榨菜,20191231,L,20101123,20191231,20260901,2026-10-08
002544.SZ,普天科技,20191231,L,20110128,20191231,20260901,2026-10-08
002572.SZ,索菲亚,20191231,L,20110412,20191231,20260901,2026-10-08
002573.SZ,清新环境,20191231,L,20110422,20191231,20260901,2026-10-08
002583.SZ,海能达,20191231,L,20110527,20191231,20260901,2026-10-08
002589.SZ,瑞康医药,20191231,L,20110610,20191231,20260901,2026-10-08
002603.SZ,以岭药业,20191231,L,20110728,20191231,20260901,2026-10-08
002625.SZ,光启技术,20191231,L,20111103,20191231,20260901,2026-10-08
002635.SZ,安洁科技,20191231,L,20111125,20191231,20260901,2026-10-08
002640.SZ,跨境通,20191231,L,20111208,20191231,20260901,2026-10-08
002653.SZ,海思科,20191231,L,20120117,20191231,20260901,2026-10-08
002670.SZ,国盛证券,20191231,L,20120416,20191231,20260901,2026-10-08
002672.SZ,东江环保,20191231,L,20120426,20191231,20260901,2026-10-08
002681.SZ,奋达科技,20191231,L,20120605,20191231,20260901,2026-10-08
002690.SZ,美亚光电,20191231,L,20120731,20191231,20260901,2026-10-08
002701.SZ,奥瑞金,20191231,L,20121011,20191231,20260901,2026-10-08
002709.SZ,天赐材料,20191231,L,20140123,20191231,20260901,2026-10-08
002745.SZ,木林森,20191231,L,20150217,20191231,20260901,2026-10-08
002797.SZ,第一创业,20191231,L,20160511,20191231,20260901,2026-10-08
002807.SZ,江阴银行,20191231,L,20160902,20191231,20260901,2026-10-08
002812.SZ,恩捷股份,20191231,L,20160914,20191231,20260901,2026-10-08
002815.SZ,崇达技术,20191231,L,20161012,20191231,20260901,2026-10-08
002818.SZ,富森美,20191231,L,20161109,20191231,20260901,2026-10-08
002821.SZ,凯莱英,20191231,L,20161118,20191231,20260901,2026-10-08
002831.SZ,裕同科技,20191231,L,20161216,20191231,20260901,2026-10-08
002839.SZ,张家港行,20191231,L,20170124,20191231,20260901,2026-10-08
002867.SZ,周大生,20191231,L,20170427,20191231,20260901,2026-10-08
002920.SZ,德赛西威,20191231,L,20171226,20191231,20260901,2026-10-08
002925.SZ,盈趣科技,20191231,L,20180115,20191231,20260901,2026-10-08
002926.SZ,华西证券,20191231,L,20180205,20191231,20260901,2026-10-08
002936.SZ,郑州银行,20191231,L,20180919,20191231,20260901,2026-10-08
002941.SZ,新疆交建,20191231,L,20181128,20191231,20260901,2026-10-08
002946.SZ,新乳业,20191231,L,20190125,20191231,20260901,2026-10-08
002948.SZ,青岛银行,20191231,L,20190116,20191231,20260901,2026-10-08
002957.SZ,科瑞技术,20191231,L,20190726,20191231,20260901,2026-10-08
300001.SZ,特锐德,20191231,L,20091030,20191231,20260901,2026-10-08
300002.SZ,神州泰岳,20191231,L,20091030,20191231,20260901,2026-10-08
300009.SZ,安科生物,20191231,L,20091030,20191231,20260901,2026-10-08
300010.SZ,ST豆神,20191231,L,20091030,20191231,20260901,2026-10-08
300012.SZ,华测检测,20191231,L,20091030,20191231,20260901,2026-10-08
300014.SZ,亿纬锂能,20191231,L,20091030,20191231,20260901,2026-10-08
300026.SZ,红日药业,20191231,L,20091030,20191231,20260901,2026-10-08
300027.SZ,ST华谊,20191231,L,20091030,20191231,20260901,2026-10-08
300058.SZ,蓝色光标,20191231,L,20100226,20191231,20260901,2026-10-08
300072.SZ,海新能科,20191231,L,20100427,20191231,20260901,2026-10-08
300088.SZ,长信科技,20191231,L,20100526,20191231,20260901,2026-10-08
300113.SZ,顺网科技,20191231,L,20100827,20191231,20260901,2026-10-08
300115.SZ,长盈精密,20191231,L,20100902,20191231,20260901,2026-10-08
300133.SZ,华策影视,20191231,L,20101026,20191231,20260901,2026-10-08
300134.SZ,大富科技,20191231,L,20101026,20191231,20260901,2026-10-08
300159.SZ,新研股份,20191231,L,20110107,20191231,20260901,2026-10-08
300166.SZ,东方国信,20191231,L,20110125,20191231,20260901,2026-10-08
300168.SZ,万达信息,20191231,L,20110125,20191231,20260901,2026-10-08
300180.SZ,华峰超纤,20191231,L,20110222,20191231,20260901,2026-10-08
300182.SZ,捷成股份,20191231,L,20110222,20191231,20260901,2026-10-08
300197.SZ,节能铁汉,20191231,L,20110329,20191231,20260901,2026-10-08
300199.SZ,翰宇药业,20191231,L,20110407,20191231,20260901,2026-10-08
300207.SZ,欣旺达,20191231,L,20110421,20191231,20260901,2026-10-08
300244.SZ,迪安诊断,20191231,L,20110719,20191231,20260901,2026-10-08
300251.SZ,光线传媒,20191231,L,20110803,20191231,20260901,2026-10-08
300253.SZ,卫宁健康,20191231,L,20110818,20191231,20260901,2026-10-08
300257.SZ,开山股份,20191231,L,20110819,20191231,20260901,2026-10-08
300274.SZ,阳光电源,20191231,L,20111102,20191231,20260901,2026-10-08
300285.SZ,国瓷材料,20191231,L,20120113,20191231,20260901,2026-10-08
300296.SZ,利亚德,20191231,L,20120315,20191231,20260901,2026-10-08
300308.SZ,中际旭创,20191231,L,20120410,20191231,20260901,2026-10-08
300315.SZ,掌趣科技,20191231,L,20120511,20191231,20260901,2026-10-08
300316.SZ,晶盛机电,20191231,L,20120511,20191231,20260901,2026-10-08
300324.SZ,旋极信息,20191231,L,20120608,20191231,20260901,2026-10-08
300376.SZ,易事特,20191231,L,20140127,20191231,20260901,2026-10-08
300383.SZ,光环新网,20191231,L,20140129,20191231,20260901,2026-10-08
300418.SZ,昆仑万维,20191231,L,20150121,20191231,20260901,2026-10-08
300459.SZ,汤姆猫,20191231,L,20150515,20191231,20260901,2026-10-08
300529.SZ,健帆生物,20191231,L,20160802,20191231,20260901,2026-10-08
600006.SH,东风股份,20191231,L,19990727,20191231,20260901,2026-10-08
600008.SH,首创环保,20191231,L,20000427,20191231,20260901,2026-10-08
600017.SH,日照港,20191231,L,20061017,20191231,20260901,2026-10-08
600021.SH,上海电力,20191231,L,20031029,20191231,20260901,2026-10-08
600022.SH,山东钢铁,20191231,L,20040629,20191231,20260901,2026-10-08
600026.SH,中远海能,20191231,L,20020523,20191231,20260901,2026-10-08
600037.SH,歌华有线,20191231,L,20010208,20191231,20260901,2026-10-08
600039.SH,四川路桥,20191231,L,20030325,20191231,20260901,2026-10-08
600053.SH,*ST九鼎,20191231,L,19970418,20191231,20260901,2026-10-08
600056.SH,中国医药,20191231,L,19970515,20191231,20260901,2026-10-08
600058.SH,五矿发展,20191231,L,19970528,20191231,20260901,2026-10-08
600060.SH,海信视像,20191231,L,19970422,20191231,20260901,2026-10-08
600062.SH,华润双鹤,20191231,L,19970522,20191231,20260901,2026-10-08
600064.SH,南京高科,20191231,L,19970506,20191231,20260901,2026-10-08
600073.SH,光明肉业,20191231,L,19970704,20191231,20260901,2026-10-08
600079.SH,ST人福,20191231,L,19970606,20191231,20260901,2026-10-08
600094.SH,大名城,20191231,L,19970703,20191231,20260901,2026-10-08
600098.SH,广州发展,20191231,L,19970718,20191231,20260901,2026-10-08
600120.SH,浙江东方,20191231,L,19971201,20191231,20260901,2026-10-08
600125.SH,铁龙物流,20191231,L,19980511,20191231,20260901,2026-10-08
600126.SH,杭钢股份,20191231,L,19980311,20191231,20260901,2026-10-08
600132.SH,重庆啤酒,20191231,L,19971030,20191231,20260901,2026-10-08
600138.SH,中青旅,20191231,L,19971203,20191231,20260901,2026-10-08
600141.SH,兴发集团,20191231,L,19990616,20191231,20260901,2026-10-08
600143.SH,金发科技,20191231,L,20040623,20191231,20260901,2026-10-08
600150.SH,中国船舶,20191231,L,19980520,20191231,20260901,2026-10-08
600155.SH,华创云信,20191231,L,19980918,20191231,20260901,2026-10-08
600158.SH,中体产业,20191231,L,19980327,20191231,20260901,2026-10-08
600160.SH,巨化股份,20191231,L,19980626,20191231,20260901,2026-10-08
600161.SH,天坛生物,20191231,L,19980616,20191231,20260901,2026-10-08
600166.SH,福田汽车,20191231,L,19980602,20191231,20260901,2026-10-08
600167.SH,联美控股,20191231,L,19990128,20191231,20260901,2026-10-08
600171.SH,上海贝岭,20191231,L,19980924,20191231,20260901,2026-10-08
600195.SH,中牧股份,20191231,L,19990107,20191231,20260901,2026-10-08
600201.SH,生物股份,20191231,L,19990115,20191231,20260901,2026-10-08
600216.SH,浙江医药,20191231,L,19991021,20191231,20260901,2026-10-08
600256.SH,广汇能源,20191231,L,20000526,20191231,20260901,2026-10-08
600258.SH,首旅酒店,20191231,L,20000601,20191231,20260901,2026-10-08
600259.SH,中稀有色,20191231,L,20000525,20191231,20260901,2026-10-08
600266.SH,城建发展,20191231,L,19990203,20191231,20260901,2026-10-08
600273.SH,嘉化能源,20191231,L,20030627,20191231,20260901,2026-10-08
600282.SH,南钢股份,20191231,L,20000919,20191231,20260901,2026-10-08
600298.SH,安琪酵母,20191231,L,20000818,20191231,20260901,2026-10-08
600307.SH,酒钢宏兴,20191231,L,20001220,20191231,20260901,2026-10-08
600312.SH,平高电气,20191231,L,20010221,20191231,20260901,2026-10-08
600315.SH,上海家化,20191231,L,20010315,20191231,20260901,2026-10-08
600316.SH,洪都航空,20191231,L,20001215,20191231,20260901,2026-10-08
600325.SH,华发股份,20191231,L,20040225,20191231,20260901,2026-10-08
600329.SH,达仁堂,20191231,L,20010606,20191231,20260901,2026-10-08
600335.SH,国机汽车,20191231,L,20010305,20191231,20260901,2026-10-08
600338.SH,西藏珠峰,20191231,L,20001227,20191231,20260901,2026-10-08
600339.SH,中油工程,20191231,L,20001225,20191231,20260901,2026-10-08
600348.SH,华阳股份,20191231,L,20030821,20191231,20260901,2026-10-08
600350.SH,山东高速,20191231,L,20020318,20191231,20260901,2026-10-08
600373.SH,中文传媒,20191231,L,20020304,20191231,20260901,2026-10-08
600376.SH,首开股份,20191231,L,20010312,20191231,20260901,2026-10-08
600380.SH,健康元,20191231,L,20010608,20191231,20260901,2026-10-08
600388.SH,紫金龙净,20191231,L,20001229,20191231,20260901,2026-10-08
600392.SH,盛和资源,20191231,L,20030529,20191231,20260901,2026-10-08
600409.SH,三友化工,20191231,L,20030618,20191231,20260901,2026-10-08
600410.SH,华胜天成,20191231,L,20040427,20191231,20260901,2026-10-08
600415.SH,小商品城,20191231,L,20020509,20191231,20260901,2026-10-08
600418.SH,江淮汽车,20191231,L,20010824,20191231,20260901,2026-10-08
600426.SH,华鲁恒升,20191231,L,20020620,20191231,20260901,2026-10-08
600428.SH,中远海特,20191231,L,20020418,20191231,20260901,2026-10-08
600435.SH,北方导航,20191231,L,20030704,20191231,20260901,2026-10-08
600446.SH,金证股份,20191231,L,20031224,20191231,20260901,2026-10-08
600460.SH,士兰微,20191231,L,20030311,20191231,20260901,2026-10-08
600478.SH,科力远,20191231,L,20030918,20191231,20260901,2026-10-08
600486.SH,扬农化工,20191231,L,20020425,20191231,20260901,2026-10-08
600497.SH,驰宏锌锗,20191231,L,20040420,20191231,20260901,2026-10-08
600499.SH,科达制造,20191231,L,20021010,20191231,20260901,2026-10-08
600500.SH,中化国际,20191231,L,20000301,20191231,20260901,2026-10-08
600507.SH,方大特钢,20191231,L,20030930,20191231,20260901,2026-10-08
600511.SH,国药股份,20191231,L,20021127,20191231,20260901,2026-10-08
600515.SH,海南机场,20191231,L,20020806,20191231,20260901,2026-10-08
600521.SH,华海药业,20191231,L,20030304,20191231,20260901,2026-10-08
600528.SH,中铁工业,20191231,L,20010528,20191231,20260901,2026-10-08
600536.SH,中国软件,20191231,L,20020517,20191231,20260901,2026-10-08
600545.SH,卓郎智能,20191231,L,20031203,20191231,20260901,2026-10-08
600549.SH,厦门钨业,20191231,L,20021107,20191231,20260901,2026-10-08
600557.SH,康缘药业,20191231,L,20020918,20191231,20260901,2026-10-08
600563.SH,法拉电子,20191231,L,20021210,20191231,20260901,2026-10-08
600567.SH,山鹰国际,20191231,L,20011218,20191231,20260901,2026-10-08
600572.SH,康恩贝,20191231,L,20040412,20191231,20260901,2026-10-08
600575.SH,淮河能源,20191231,L,20030328,20191231,20260901,2026-10-08
600580.SH,卧龙电驱,20191231,L,20020606,20191231,20260901,2026-10-08
600582.SH,天地科技,20191231,L,20020515,20191231,20260901,2026-10-08
600584.SH,长电科技,20191231,L,20030603,20191231,20260901,2026-10-08
600597.SH,光明乳业,20191231,L,20020828,20191231,20260901,2026-10-08
600598.SH,北大荒,20191231,L,20020329,20191231,20260901,2026-10-08
600623.SH,华谊集团,20191231,L,19921204,20191231,20260901,2026-10-08
600633.SH,浙数文化,20191231,L,19930304,20191231,20260901,2026-10-08
600639.SH,浦东金桥,20191231,L,19930326,20191231,20260901,2026-10-08
600640.SH,国脉文化,20191231,L,19930407,20191231,20260901,2026-10-08
600642.SH,申能股份,20191231,L,19930416,20191231,20260901,2026-10-08
600643.SH,爱建集团,20191231,L,19930426,20191231,20260901,2026-10-08
600645.SH,中源协和,20191231,L,19930504,20191231,20260901,2026-10-08
600648.SH,外高桥,20191231,L,19930504,20191231,20260901,2026-10-08
600649.SH,城投控股,20191231,L,19930518,20191231,20260901,2026-10-08
600657.SH,信达地产,20191231,L,19930524,20191231,20260901,2026-10-08
600664.SH,哈药股份,20191231,L,19930629,20191231,20260901,2026-10-08
600673.SH,东阳光,20191231,L,19930917,20191231,20260901,2026-10-08
600694.SH,大商股份,20191231,L,19931122,20191231,20260901,2026-10-08
600699.SH,均胜电子,20191231,L,19931206,20191231,20260901,2026-10-08
600704.SH,物产中大,20191231,L,19960606,20191231,20260901,2026-10-08
600707.SH,彩虹股份,20191231,L,19960520,20191231,20260901,2026-10-08
600717.SH,天津港,20191231,L,19960614,20191231,20260901,2026-10-08
600718.SH,东软集团,20191231,L,19960618,20191231,20260901,2026-10-08
600728.SH,佳都科技,20191231,L,19960716,20191231,20260901,2026-10-08
600729.SH,重百集团,20191231,L,19960702,20191231,20260901,2026-10-08
600737.SH,中粮糖业,20191231,L,19960731,20191231,20260901,2026-10-08
600739.SH,辽宁成大,20191231,L,19960819,20191231,20260901,2026-10-08
600745.SH,*ST闻泰,20191231,L,19960828,20191231,20260901,2026-10-08
600748.SH,上实发展,20191231,L,19960925,20191231,20260901,2026-10-08
600751.SH,海航科技,20191231,L,19960909,20191231,20260901,2026-10-08
600754.SH,锦江酒店,20191231,L,19961011,20191231,20260901,2026-10-08
600755.SH,厦门国贸,20191231,L,19961003,20191231,20260901,2026-10-08
600757.SH,长江传媒,20191231,L,19961003,20191231,20260901,2026-10-08
600759.SH,ST洲际,20191231,L,19961008,20191231,20260901,2026-10-08
600763.SH,通策医疗,20191231,L,19961030,20191231,20260901,2026-10-08
600765.SH,中航重机,20191231,L,19961106,20191231,20260901,2026-10-08
600770.SH,综艺股份,20191231,L,19961120,20191231,20260901,2026-10-08
600776.SH,东方通信,20191231,L,19961126,20191231,20260901,2026-10-08
600777.SH,新潮能源,20191231,L,19961121,20191231,20260901,2026-10-08
600779.SH,水井坊,20191231,L,19961206,20191231,20260901,2026-10-08
600782.SH,新钢股份,20191231,L,19961225,20191231,20260901,2026-10-08
600787.SH,中储股份,20191231,L,19970121,20191231,20260901,2026-10-08
600801.SH,华新建材,20191231,L,19940103,20191231,20260901,2026-10-08
600808.SH,马钢股份,20191231,L,19940106,20191231,20260901,2026-10-08
600820.SH,隧道股份,20191231,L,19940128,20191231,20260901,2026-10-08
600827.SH,百联股份,20191231,L,19940204,20191231,20260901,2026-10-08
600835.SH,上海机电,20191231,L,19940224,20191231,20260901,2026-10-08
600839.SH,四川长虹,20191231,L,19940311,20191231,20260901,2026-10-08
600845.SH,宝信软件,20191231,L,19940311,20191231,20260901,2026-10-08
600859.SH,王府井,20191231,L,19940506,20191231,20260901,2026-10-08
600862.SH,中航高科,20191231,L,19940520,20191231,20260901,2026-10-08
600863.SH,华能蒙电,20191231,L,19940520,20191231,20260901,2026-10-08
600869.SH,远东股份,20191231,L,19950206,20191231,20260901,2026-10-08
600874.SH,创业环保,20191231,L,19950630,20191231,20260901,2026-10-08
600875.SH,东方电气,20191231,L,19951010,20191231,20260901,2026-10-08
600879.SH,航天电子,20191231,L,19951115,20191231,20260901,2026-10-08
600881.SH,亚泰集团,20191231,L,19951115,20191231,20260901,2026-10-08
600884.SH,杉杉股份,20191231,L,19960130,20191231,20260901,2026-10-08
600885.SH,宏发股份,20191231,L,19960205,20191231,20260901,2026-10-08
600895.SH,张江高科,20191231,L,19960422,20191231,20260901,2026-10-08
600901.SH,江苏金租,20191231,L,20180301,20191231,20260901,2026-10-08
600903.SH,贵州燃气,20191231,L,20171107,20191231,20260901,2026-10-08
600908.SH,无锡银行,20191231,L,20160923,20191231,20260901,2026-10-08
600909.SH,华安证券,20191231,L,20161206,20191231,20260901,2026-10-08
600917.SH,重庆燃气,20191231,L,20140930,20191231,20260901,2026-10-08
600939.SH,重庆建工,20191231,L,20170221,20191231,20260901,2026-10-08
600959.SH,江苏有线,20191231,L,20150428,20191231,20260901,2026-10-08
600967.SH,内蒙一机,20191231,L,20040518,20191231,20260901,2026-10-08
600970.SH,中材国际,20191231,L,20050412,20191231,20260901,2026-10-08
600985.SH,淮北矿业,20191231,L,20040428,20191231,20260901,2026-10-08
600996.SH,贵广网络,20191231,L,20161226,20191231,20260901,2026-10-08
601000.SH,唐山港,20191231,L,20100705,20191231,20260901,2026-10-08
601001.SH,晋控煤业,20191231,L,20060623,20191231,20260901,2026-10-08
601003.SH,柳钢股份,20191231,L,20070227,20191231,20260901,2026-10-08
601005.SH,重庆钢铁,20191231,L,20070228,20191231,20260901,2026-10-08
601016.SH,节能风电,20191231,L,20140929,20191231,20260901,2026-10-08
601019.SH,山东出版,20191231,L,20171122,20191231,20260901,2026-10-08
601068.SH,中铝国际,20191231,L,20180831,20191231,20260901,2026-10-08
601098.SH,中南传媒,20191231,L,20101028,20191231,20260901,2026-10-08
601099.SH,太平洋,20191231,L,20071228,20191231,20260901,2026-10-08
601100.SH,恒立液压,20191231,L,20111028,20191231,20260901,2026-10-08
601106.SH,中国一重,20191231,L,20100209,20191231,20260901,2026-10-08
601118.SH,海南橡胶,20191231,L,20110107,20191231,20260901,2026-10-08
601127.SH,赛力斯,20191231,L,20160615,20191231,20260901,2026-10-08
601128.SH,常熟银行,20191231,L,20160930,20191231,20260901,2026-10-08
601139.SH,深圳燃气,20191231,L,20091225,20191231,20260901,2026-10-08
601168.SH,西部矿业,20191231,L,20070712,20191231,20260901,2026-10-08
601179.SH,中国西电,20191231,L,20100128,20191231,20260901,2026-10-08
601200.SH,上海环境,20191231,L,20170331,20191231,20260901,2026-10-08
601228.SH,广州港,20191231,L,20170329,20191231,20260901,2026-10-08
601231.SH,环旭电子,20191231,L,20120220,20191231,20260901,2026-10-08
601233.SH,桐昆股份,20191231,L,20110518,20191231,20260901,2026-10-08
601326.SH,秦港股份,20191231,L,20170816,20191231,20260901,2026-10-08
601333.SH,广深铁路,20191231,L,20061222,20191231,20260901,2026-10-08
601598.SH,中国外运,20191231,L,20190118,20191231,20260901,2026-10-08
601608.SH,中信重工,20191231,L,20120706,20191231,20260901,2026-10-08
601611.SH,中国核建,20191231,L,20160606,20191231,20260901,2026-10-08
601615.SH,明阳智能,20191231,L,20190123,20191231,20260901,2026-10-08
601678.SH,滨化股份,20191231,L,20100223,20191231,20260901,2026-10-08
601689.SH,拓普集团,20191231,L,20150319,20191231,20260901,2026-10-08
601699.SH,潞安环能,20191231,L,20060922,20191231,20260901,2026-10-08
601717.SH,中创智领,20191231,L,20100803,20191231,20260901,2026-10-08
601718.SH,ST际华,20191231,L,20100816,20191231,20260901,2026-10-08
601799.SH,星宇股份,20191231,L,20110201,20191231,20260901,2026-10-08
601801.SH,皖新传媒,20191231,L,20100118,20191231,20260901,2026-10-08
601811.SH,新华文轩,20191231,L,20160808,20191231,20260901,2026-10-08
601860.SH,紫金银行,20191231,L,20190103,20191231,20260901,2026-10-08
601865.SH,福莱特,20191231,L,20190215,20191231,20260901,2026-10-08
601866.SH,中远海发,20191231,L,20071212,20191231,20260901,2026-10-08
601869.SH,长飞光纤,20191231,L,20180720,20191231,20260901,2026-10-08
601872.SH,招商轮船,20191231,L,20061201,20191231,20260901,2026-10-08
601880.SH,辽港股份,20191231,L,20101206,20191231,20260901,2026-10-08
601928.SH,凤凰传媒,20191231,L,20111130,20191231,20260901,2026-10-08
601958.SH,金钼股份,20191231,L,20080417,20191231,20260901,2026-10-08
601966.SH,玲珑轮胎,20191231,L,20160706,20191231,20260901,2026-10-08
601969.SH,海南矿业,20191231,L,20141209,20191231,20260901,2026-10-08
601975.SH,招商南油,20191231,L,20190108,20191231,20260901,2026-10-08
603000.SH,人民网,20191231,L,20120427,20191231,20260901,2026-10-08
603025.SH,大豪科技,20191231,L,20150422,20191231,20260901,2026-10-08
603077.SH,和邦生物,20191231,L,20120731,20191231,20260901,2026-10-08
603198.SH,迎驾贡酒,20191231,L,20150528,20191231,20260901,2026-10-08
603225.SH,新凤鸣,20191231,L,20170418,20191231,20260901,2026-10-08
603228.SH,景旺电子,20191231,L,20170106,20191231,20260901,2026-10-08
603233.SH,大参林,20191231,L,20170731,20191231,20260901,2026-10-08
603256.SH,宏和科技,20191231,L,20190719,20191231,20260901,2026-10-08
603317.SH,天味食品,20191231,L,20190416,20191231,20260901,2026-10-08
603328.SH,依顿电子,20191231,L,20140701,20191231,20260901,2026-10-08
603338.SH,浙江鼎力,20191231,L,20150325,20191231,20260901,2026-10-08
603355.SH,莱克电气,20191231,L,20150513,20191231,20260901,2026-10-08
603377.SH,ST东时,20191231,L,20160205,20191231,20260901,2026-10-08
603379.SH,三美股份,20191231,L,20190402,20191231,20260901,2026-10-08
603444.SH,吉比特,20191231,L,20170104,20191231,20260901,2026-10-08
603486.SH,科沃斯,20191231,L,20180528,20191231,20260901,2026-10-08
603515.SH,欧普照明,20191231,L,20160819,20191231,20260901,2026-10-08
603517.SH,ST绝味,20191231,L,20170317,20191231,20260901,2026-10-08
603556.SH,海兴电力,20191231,L,20161110,20191231,20260901,2026-10-08
603568.SH,伟明环保,20191231,L,20150528,20191231,20260901,2026-10-08
603650.SH,彤程新材,20191231,L,20180627,20191231,20260901,2026-10-08
603659.SH,璞泰来,20191231,L,20171103,20191231,20260901,2026-10-08
603707.SH,健友股份,20191231,L,20170719,20191231,20260901,2026-10-08
603712.SH,七一二,20191231,L,20180226,20191231,20260901,2026-10-08
603766.SH,隆鑫通用,20191231,L,20120810,20191231,20260901,2026-10-08
603806.SH,福斯特,20191231,L,20140905,20191231,20260901,2026-10-08
603816.SH,顾家家居,20191231,L,20161014,20191231,20260901,2026-10-08
603858.SH,步长制药,20191231,L,20161118,20191231,20260901,2026-10-08
603866.SH,桃李面包,20191231,L,20151222,20191231,20260901,2026-10-08
603868.SH,飞科电器,20191231,L,20160418,20191231,20260901,2026-10-08
603877.SH,太平鸟,20191231,L,20170109,20191231,20260901,2026-10-08
603882.SH,金域医学,20191231,L,20170908,20191231,20260901,2026-10-08
603883.SH,老百姓,20191231,L,20150423,20191231,20260901,2026-10-08
603885.SH,吉祥航空,20191231,L,20150527,20191231,20260901,2026-10-08
603888.SH,新华网,20191231,L,20161028,20191231,20260901,2026-10-08
603939.SH,益丰药房,20191231,L,20150217,20191231,20260901,2026-10-08
603983.SH,丸美生物,20191231,L,20190725,20191231,20260901,2026-10-08
