uid,year,state,cigsale,lnincome,beer,age15to24,retprice,time,california,cal_trend,tax_dummy,tax_trend,cal_tax_dummy,cal_tax_trend
1,1970,Alabama,89.800003,,,0.1788618,39.599998,0,0,0,0,0,0,0
2,1971,Alabama,95.400002,,,0.1799278,42.700001,1,0,0,0,0,0,0
3,1972,Alabama,101.1,9.498476,,0.1809939,42.299999,2,0,0,0,0,0,0
4,1973,Alabama,102.9,9.550107,,0.1820599,42.099998,3,0,0,0,0,0,0
5,1974,Alabama,108.2,9.5371628,,0.183126,43.099998,4,0,0,0,0,0,0
6,1975,Alabama,111.7,9.5400314,,0.18419211,46.599998,5,0,0,0,0,0,0
7,1976,Alabama,116.2,9.5919085,,0.18525811,50.400002,6,0,0,0,0,0,0
8,1977,Alabama,117.1,9.6174955,,0.18632419,50.099998,7,0,0,0,0,0,0
9,1978,Alabama,123,9.6540718,,0.18739019,55.099998,8,0,0,0,0,0,0
10,1979,Alabama,121.4,9.6491804,,0.1884563,56.799999,9,0,0,0,0,0,0
11,1980,Alabama,123.2,9.6121941,,0.1895223,60.599998,10,0,0,0,0,0,0
12,1981,Alabama,119.6,9.6095943,,0.1858422,68.800003,11,0,0,0,0,0,0
13,1982,Alabama,119.1,9.59758,,0.18216211,73.099998,12,0,0,0,0,0,0
14,1983,Alabama,116.3,9.6267691,,0.178482,84.400002,13,0,0,0,0,0,0
15,1984,Alabama,113,9.6716213,18,0.1748019,90.800003,14,0,0,0,0,0,0
16,1985,Alabama,114.5,9.7031927,18.700001,0.17112181,99,15,0,0,0,0,0,0
17,1986,Alabama,116.3,9.7459497,19.299999,0.1674417,103,16,0,0,0,0,0,0
18,1987,Alabama,114,9.7620916,19.4,0.1637616,110,17,0,0,0,0,0,0
19,1988,Alabama,112.1,9.7817698,19.4,0.16008151,114.4,18,0,0,0,0,0,0
20,1989,Alabama,105.6,9.8025274,19.4,0.1564014,122.3,19,0,0,1,0,0,0
21,1990,Alabama,108.6,9.81429,20.1,0.1527212,139.10001,20,0,0,1,1,0,0
22,1991,Alabama,107.9,9.8192596,20.1,,144.39999,21,0,0,1,2,0,0
23,1992,Alabama,109.1,9.8452864,20.4,,172.2,22,0,0,1,3,0,0
24,1993,Alabama,108.5,9.8521605,20.299999,,176.2,23,0,0,1,4,0,0
25,1994,Alabama,107.1,9.8793344,21,,154.60001,24,0,0,1,5,0,0
26,1995,Alabama,102.6,9.9244041,20.6,,155.10001,25,0,0,1,6,0,0
27,1996,Alabama,101.4,9.9400272,21,,158.3,26,0,0,1,7,0,0
28,1997,Alabama,104.9,9.9372702,20.799999,,167.39999,27,0,0,1,8,0,0
29,1998,Alabama,106.2,,,,180.5,28,0,0,1,9,0,0
30,1999,Alabama,100.7,,,,195.60001,29,0,0,1,10,0,0
31,2000,Alabama,96.199997,,,,270.70001,30,0,0,1,11,0,0
32,1970,Arkansas,100.3,,,0.16900679,36.700001,0,0,0,0,0,0,0
33,1971,Arkansas,104.1,,,0.1699539,38.799999,1,0,0,0,0,0,0
34,1972,Arkansas,103.9,9.4645138,,0.170901,44.099998,2,0,0,0,0,0,0
35,1973,Arkansas,108,9.5568304,,0.171848,45.099998,3,0,0,0,0,0,0
36,1974,Arkansas,109.7,9.5422859,,0.1727951,45.5,4,0,0,0,0,0,0
37,1975,Arkansas,114.8,9.5140944,,0.1737422,48.599998,5,0,0,0,0,0,0
38,1976,Arkansas,119.1,9.5581532,,0.17468929,50.900002,6,0,0,0,0,0,0
39,1977,Arkansas,122.6,9.5909233,,0.1756364,52.599998,7,0,0,0,0,0,0
40,1978,Arkansas,127.3,9.657238,,0.1765835,56.5,8,0,0,0,0,0,0
41,1979,Arkansas,126.5,9.6335325,,0.1775306,58.400002,9,0,0,0,0,0,0
42,1980,Arkansas,131.8,9.5738029,,0.1784777,61.5,10,0,0,0,0,0,0
43,1981,Arkansas,128.7,9.5930414,,0.1750111,64.699997,11,0,0,0,0,0,0
44,1982,Arkansas,127.4,9.5737,,0.17154451,72.099998,12,0,0,0,0,0,0
45,1983,Arkansas,128,9.5930529,,0.1680779,82,13,0,0,0,0,0,0
46,1984,Arkansas,123.1,9.6504402,17.9,0.1646114,93.599998,14,0,0,0,0,0,0
47,1985,Arkansas,125.8,9.6755266,18.1,0.16114479,98.5,15,0,0,0,0,0,0
48,1986,Arkansas,126,9.7059393,18.700001,0.1576782,103.6,16,0,0,0,0,0,0
49,1987,Arkansas,122.3,9.705574,19,0.1542116,113,17,0,0,0,0,0,0
50,1988,Arkansas,121.5,9.7215319,18.9,0.150745,119.9,18,0,0,0,0,0,0
51,1989,Arkansas,118.3,9.7373695,19,0.1472785,127.7,19,0,0,1,0,0,0
52,1990,Arkansas,113.1,9.736311,19.9,0.1438119,141.2,20,0,0,1,1,0,0
53,1991,Arkansas,116.8,9.7430677,19.9,,146.5,21,0,0,1,2,0,0
54,1992,Arkansas,126,9.7886286,20,,177.3,22,0,0,1,3,0,0
55,1993,Arkansas,113.8,9.7851419,19.700001,,179.89999,23,0,0,1,4,0,0
56,1994,Arkansas,108.8,9.8136311,19.700001,,168.10001,24,0,0,1,5,0,0
57,1995,Arkansas,113,9.86446,19.5,,167.3,25,0,0,1,6,0,0
58,1996,Arkansas,110.7,9.8852339,20.1,,167.10001,26,0,0,1,7,0,0
59,1997,Arkansas,108.7,9.8831072,19.799999,,181.3,27,0,0,1,8,0,0
60,1998,Arkansas,109.5,,,,187.3,28,0,0,1,9,0,0
61,1999,Arkansas,104.8,,,,206.89999,29,0,0,1,10,0,0
62,2000,Arkansas,99.400002,,,,279.29999,30,0,0,1,11,0,0
63,1970,California,123,,,0.1781583,38.799999,0,1,0,0,0,0,0
64,1971,California,121,,,0.1792964,39.700001,1,1,1,0,0,0,0
65,1972,California,123.5,9.9308138,,0.18043441,39.900002,2,1,2,0,0,0,0
66,1973,California,124.4,9.9550924,,0.18157239,39.900002,3,1,3,0,0,0,0
67,1974,California,126.7,9.947999,,0.18271039,41.900002,4,1,4,0,0,0,0
68,1975,California,127.1,9.9371672,,0.1838485,45,5,1,5,0,0,0,0
69,1976,California,128,9.9768581,,0.1849865,48.299999,6,1,6,0,0,0,0
70,1977,California,126.4,10.0027,,0.1861245,49,7,1,7,0,0,0,0
71,1978,California,126.1,10.04556,,0.18726251,58.700001,8,1,8,0,0,0,0
72,1979,California,121.9,10.05469,,0.1884006,60.099998,9,1,9,0,0,0,0
73,1980,California,120.2,10.03784,,0.1895386,62.099998,10,1,10,0,0,0,0
74,1981,California,118.6,10.02863,,0.1855371,66.400002,11,1,11,0,0,0,0
75,1982,California,115.4,10.01253,,0.1815355,72.800003,12,1,12,0,0,0,0
76,1983,California,110.8,10.03174,,0.17753389,84.900002,13,1,13,0,0,0,0
77,1984,California,104.8,10.07536,25,0.1735324,94.900002,14,1,14,0,0,0,0
78,1985,California,102.8,10.0997,24,0.16953079,98,15,1,15,0,0,0,0
79,1986,California,99.699997,10.12727,24.700001,0.1655293,104.4,16,1,16,0,0,0,0
80,1987,California,97.5,10.1343,24.1,0.16152769,103.9,17,1,17,0,0,0,0
81,1988,California,90.099998,10.14166,23.6,0.1575262,117.4,18,1,18,0,0,0,0
82,1989,California,82.400002,10.14231,23.700001,0.15352461,126.4,19,1,19,1,0,1,0
83,1990,California,77.800003,10.14162,23.799999,0.149523,163.8,20,1,20,1,1,1,1
84,1991,California,68.699997,10.11071,22.299999,,186.8,21,1,21,1,2,1,2
85,1992,California,67.5,10.11494,21.299999,,201.89999,22,1,22,1,3,1,3
86,1993,California,63.400002,10.0985,20.799999,,205.10001,23,1,23,1,4,1,4
87,1994,California,58.599998,10.09951,20.1,,190.3,24,1,24,1,5,1,5
88,1995,California,56.400002,10.15592,19.700001,,195.10001,25,1,25,1,6,1,6
89,1996,California,54.5,10.17864,19.1,,197.89999,26,1,26,1,7,1,7
90,1997,California,53.799999,10.17519,19.5,,200.3,27,1,27,1,8,1,8
91,1998,California,52.299999,,,,207.8,28,1,28,1,9,1,9
92,1999,California,47.200001,,,,224.89999,29,1,29,1,10,1,10
93,2000,California,41.599998,,,,351.20001,30,1,30,1,11,1,11
94,1970,Colorado,124.8,,,0.1909502,29.4,0,0,0,0,0,0,0
95,1971,Colorado,125.5,,,0.1916476,31.1,1,0,0,0,0,0,0
96,1972,Colorado,134.3,9.8055477,,0.19234499,31.200001,2,0,0,0,0,0,0
97,1973,Colorado,137.89999,9.8484135,,0.19304229,32.700001,3,0,0,0,0,0,0
98,1974,Colorado,132.8,9.8404512,,0.1937397,38.099998,4,0,0,0,0,0,0
99,1975,Colorado,131,9.8284607,,0.1944371,41.700001,5,0,0,0,0,0,0
100,1976,Colorado,134.2,9.8589134,,0.1951344,44.799999,6,0,0,0,0,0,0
101,1977,Colorado,132,9.8884468,,0.19583181,44.700001,7,0,0,0,0,0,0
102,1978,Colorado,129.2,9.9337511,,0.19652911,57.400002,8,0,0,0,0,0,0
103,1979,Colorado,131.5,9.9422197,,0.19722649,52.799999,9,0,0,0,0,0,0
104,1980,Colorado,131,9.9436121,,0.1979239,54.599998,10,0,0,0,0,0,0
105,1981,Colorado,133.8,9.9572725,,0.19186869,58.099998,11,0,0,0,0,0,0
106,1982,Colorado,130.5,9.9626169,,0.18581361,61.400002,12,0,0,0,0,0,0
107,1983,Colorado,125.3,9.9780369,,0.1797584,73.300003,13,0,0,0,0,0,0
108,1984,Colorado,119.7,10.00205,25.700001,0.1737033,83.400002,14,0,0,0,0,0,0
109,1985,Colorado,112.4,10.00078,25.200001,0.16764811,93.099998,15,0,0,0,0,0,0
110,1986,Colorado,109.9,10.00159,25.5,0.1615929,95.099998,16,0,0,0,0,0,0
111,1987,Colorado,102.4,9.9944267,24.799999,0.1555378,108.6,17,0,0,0,0,0,0
112,1988,Colorado,94.599998,10.01883,24.200001,0.14948259,116,18,0,0,0,0,0,0
113,1989,Colorado,88.800003,10.04306,23.9,0.14342751,130.8,19,0,0,1,0,0,0
114,1990,Colorado,87.400002,10.04625,24.200001,0.1373723,149.3,20,0,0,1,1,0,0
115,1991,Colorado,90.199997,10.05476,23.5,,152.60001,21,0,0,1,2,0,0
116,1992,Colorado,88.300003,10.06634,23.700001,,157.5,22,0,0,1,3,0,0
117,1993,Colorado,88.599998,10.07967,23.5,,168.2,23,0,0,1,4,0,0
118,1994,Colorado,89.099998,10.09746,23.1,,153.2,24,0,0,1,5,0,0
119,1995,Colorado,85.400002,10.16635,24.4,,164.2,25,0,0,1,6,0,0
120,1996,Colorado,83.099998,10.19144,24.799999,,169.60001,26,0,0,1,7,0,0
121,1997,Colorado,81.300003,10.2039,24,,174.39999,27,0,0,1,8,0,0
122,1998,Colorado,81.199997,,,,185.8,28,0,0,1,9,0,0
123,1999,Colorado,79.599998,,,,204.2,29,0,0,1,10,0,0
124,2000,Colorado,73,,,,281.29999,30,0,0,1,11,0,0
125,1970,Connecticut,120,,,0.1629288,42.200001,0,0,0,0,0,0,0
126,1971,Connecticut,117.6,,,0.1646539,45.5,1,0,0,0,0,0,0
127,1972,Connecticut,110.8,9.9811373,,0.166379,51.299999,2,0,0,0,0,0,0
128,1973,Connecticut,109.3,10.01299,,0.1681042,50.599998,3,0,0,0,0,0,0
129,1974,Connecticut,112.4,9.9885349,,0.16982929,52.5,4,0,0,0,0,0,0
130,1975,Connecticut,110.2,9.9607487,,0.17155451,54.5,5,0,0,0,0,0,0
131,1976,Connecticut,113.4,9.993227,,0.1732796,57.599998,6,0,0,0,0,0,0
132,1977,Connecticut,117.3,10.02807,,0.1750048,58.400002,7,0,0,0,0,0,0
133,1978,Connecticut,117.5,10.0632,,0.1767299,61.700001,8,0,0,0,0,0,0
134,1979,Connecticut,117.4,10.07551,,0.178455,64.400002,9,0,0,0,0,0,0
135,1980,Connecticut,118,10.07476,,0.18018021,67,10,0,0,0,0,0,0
136,1981,Connecticut,116.4,10.07957,,0.1760501,80.099998,11,0,0,0,0,0,0
137,1982,Connecticut,114.7,10.09016,,0.1719199,85.599998,12,0,0,0,0,0,0
138,1983,Connecticut,114.1,10.12007,,0.1677898,95.599998,13,0,0,0,0,0,0
139,1984,Connecticut,112.5,10.1816,20.299999,0.16365971,113.5,14,0,0,0,0,0,0
140,1985,Connecticut,111,10.21292,20.799999,0.1595296,118.6,15,0,0,0,0,0,0
141,1986,Connecticut,108.5,10.26861,20.6,0.1553994,118.5,16,0,0,0,0,0,0
142,1987,Connecticut,109,10.30923,21.1,0.1512693,122.7,17,0,0,0,0,0,0
143,1988,Connecticut,104.8,10.3554,20.700001,0.14713921,129.7,18,0,0,0,0,0,0
144,1989,Connecticut,100.6,10.36652,19.799999,0.1430091,142,19,0,0,1,0,0,0
145,1990,Connecticut,91.5,10.3493,19.799999,0.138879,171.2,20,0,0,1,1,0,0
146,1991,Connecticut,86.699997,10.32414,18.700001,,175.60001,21,0,0,1,2,0,0
147,1992,Connecticut,83.5,10.34384,18.299999,,193.5,22,0,0,1,3,0,0
148,1993,Connecticut,79.099998,10.34354,17.9,,202.3,23,0,0,1,4,0,0
149,1994,Connecticut,76.599998,10.3613,17.9,,205.60001,24,0,0,1,5,0,0
150,1995,Connecticut,79.300003,10.451,17.6,,205.39999,25,0,0,1,6,0,0
151,1996,Connecticut,76,10.47449,17.200001,,206.3,26,0,0,1,7,0,0
152,1997,Connecticut,75.900002,10.48662,17.5,,208.5,27,0,0,1,8,0,0
153,1998,Connecticut,75.5,,,,217.89999,28,0,0,1,9,0,0
154,1999,Connecticut,73.400002,,,,236.5,29,0,0,1,10,0,0
155,2000,Connecticut,71.400002,,,,312.29999,30,0,0,1,11,0,0
156,1970,Delaware,155,,,0.1733577,39,0,0,0,0,0,0,0
157,1971,Delaware,161.10001,,,0.1758872,41.299999,1,0,0,0,0,0,0
158,1972,Delaware,156.3,9.9099302,,0.1784168,44.700001,2,0,0,0,0,0,0
159,1973,Delaware,154.7,9.9481773,,0.18094631,44,3,0,0,0,0,0,0
160,1974,Delaware,151.3,9.9182577,,0.1834759,44.200001,4,0,0,0,0,0,0
161,1975,Delaware,147.60001,9.8875313,,0.1860054,45.900002,5,0,0,0,0,0,0
162,1976,Delaware,153,9.9206848,,0.188535,50.099998,6,0,0,0,0,0,0
163,1977,Delaware,153.3,9.9337788,,0.19106451,51.700001,7,0,0,0,0,0,0
164,1978,Delaware,155.5,9.9441271,,0.1935941,58.700001,8,0,0,0,0,0,0
165,1979,Delaware,150.2,9.9261036,,0.1961236,60,9,0,0,0,0,0,0
166,1980,Delaware,150.5,9.913744,,0.19865321,62.700001,10,0,0,0,0,0,0
167,1981,Delaware,152.60001,9.9013929,,0.193546,66,11,0,0,0,0,0,0
168,1982,Delaware,154.10001,9.9043369,,0.1884388,74.099998,12,0,0,0,0,0,0
169,1983,Delaware,149.60001,9.934576,,0.1833317,82,13,0,0,0,0,0,0
170,1984,Delaware,144,9.9622822,26.6,0.1782245,91.099998,14,0,0,0,0,0,0
171,1985,Delaware,144.5,9.9963341,26.200001,0.17311729,98.699997,15,0,0,0,0,0,0
172,1986,Delaware,142.39999,10.03209,26,0.1680101,105.2,16,0,0,0,0,0,0
173,1987,Delaware,141,10.04857,25.9,0.162903,111.4,17,0,0,0,0,0,0
174,1988,Delaware,137.10001,10.07772,25.700001,0.1577958,119.3,18,0,0,0,0,0,0
175,1989,Delaware,131.7,10.10361,24.9,0.15268859,124,19,0,0,1,0,0,0
176,1990,Delaware,127.2,10.0948,25.799999,0.1475815,140,20,0,0,1,1,0,0
177,1991,Delaware,118.8,10.08306,24.9,,143.2,21,0,0,1,2,0,0
178,1992,Delaware,120,10.09146,25.200001,,174.7,22,0,0,1,3,0,0
179,1993,Delaware,123.8,10.09208,26.200001,,187.89999,23,0,0,1,4,0,0
180,1994,Delaware,126.1,10.13125,25.9,,152.5,24,0,0,1,5,0,0
181,1995,Delaware,127.2,10.22965,24.6,,160.7,25,0,0,1,6,0,0
182,1996,Delaware,128.3,10.26239,24.6,,169.10001,26,0,0,1,7,0,0
183,1997,Delaware,124.1,10.26168,24.9,,171.89999,27,0,0,1,8,0,0
184,1998,Delaware,132.8,,,,179.2,28,0,0,1,9,0,0
185,1999,Delaware,139.5,,,,198.3,29,0,0,1,10,0,0
186,2000,Delaware,140.7,,,,276.20001,30,0,0,1,11,0,0
187,1970,Georgia,109.9,,,0.18744551,34.299999,0,0,0,0,0,0,0
188,1971,Georgia,115.7,,,0.1878663,35.799999,1,0,0,0,0,0,0
189,1972,Georgia,117,9.6388903,,0.188287,40.900002,2,0,0,0,0,0,0
190,1973,Georgia,119.8,9.684865,,0.18870769,42.400002,3,0,0,0,0,0,0
191,1974,Georgia,123.7,9.6599808,,0.1891285,42.400002,4,0,0,0,0,0,0
192,1975,Georgia,122.9,9.6296091,,0.18954919,44.5,5,0,0,0,0,0,0
193,1976,Georgia,125.9,9.6714296,,0.18997,47.900002,6,0,0,0,0,0,0
194,1977,Georgia,127.9,9.6933374,,0.19039071,49.5,7,0,0,0,0,0,0
195,1978,Georgia,130.60001,9.7366514,,0.1908115,54.700001,8,0,0,0,0,0,0
196,1979,Georgia,131,9.7293024,,0.1912322,56.599998,9,0,0,0,0,0,0
197,1980,Georgia,134,9.7014446,,0.19165289,59.299999,10,0,0,0,0,0,0
198,1981,Georgia,131.7,9.7049437,,0.1879757,62.599998,11,0,0,0,0,0,0
199,1982,Georgia,131.2,9.7073441,,0.1842985,67.800003,12,0,0,0,0,0,0
200,1983,Georgia,128.60001,9.7557316,,0.1806213,78.900002,13,0,0,0,0,0,0
201,1984,Georgia,126.3,9.82549,21.299999,0.17694411,86.800003,14,0,0,0,0,0,0
202,1985,Georgia,128.8,9.8621273,21.4,0.1732669,90.699997,15,0,0,0,0,0,0
203,1986,Georgia,129,9.9138088,22.1,0.1695897,100.1,16,0,0,0,0,0,0
204,1987,Georgia,129.3,9.9307976,22.299999,0.16591249,103.9,17,0,0,0,0,0,0
205,1988,Georgia,124.1,9.9528627,21.700001,0.1622353,109.2,18,0,0,0,0,0,0
206,1989,Georgia,117.1,9.9539089,21.5,0.1585581,122.4,19,0,0,1,0,0,0
207,1990,Georgia,113.8,9.9532976,22.299999,0.1548809,132.3,20,0,0,1,1,0,0
208,1991,Georgia,109.6,9.941865,21.200001,,138.2,21,0,0,1,2,0,0
209,1992,Georgia,109.2,9.9585648,21.6,,159.5,22,0,0,1,3,0,0
210,1993,Georgia,109.2,9.9678726,21.700001,,167.2,23,0,0,1,4,0,0
211,1994,Georgia,107.8,9.9982405,21.4,,147.8,24,0,0,1,5,0,0
212,1995,Georgia,100.3,10.05544,21.5,,153.8,25,0,0,1,6,0,0
213,1996,Georgia,102.7,10.07977,22,,156.10001,26,0,0,1,7,0,0
214,1997,Georgia,100.6,10.08141,21.6,,158.89999,27,0,0,1,8,0,0
215,1998,Georgia,100.5,,,,168.7,28,0,0,1,9,0,0
216,1999,Georgia,97.099998,,,,188,29,0,0,1,10,0,0
217,2000,Georgia,88.400002,,,,257.39999,30,0,0,1,11,0,0
218,1970,Idaho,102.4,,,0.1781206,33.799999,0,0,0,0,0,0,0
219,1971,Idaho,108.5,,,0.1760924,33.599998,1,0,0,0,0,0,0
220,1972,Idaho,126.1,9.6518393,,0.17406429,33.700001,2,0,0,0,0,0,0
221,1973,Idaho,121.8,9.7210512,,0.1720361,36.299999,3,0,0,0,0,0,0
222,1974,Idaho,125.6,9.7462626,,0.170008,38,4,0,0,0,0,0,0
223,1975,Idaho,123.3,9.6922007,,0.16797981,40.299999,5,0,0,0,0,0,0
224,1976,Idaho,125.1,9.731101,,0.16595159,42.5,6,0,0,0,0,0,0
225,1977,Idaho,125,9.7265072,,0.1639235,45.599998,7,0,0,0,0,0,0
226,1978,Idaho,122.8,9.7689333,,0.1618953,51.5,8,0,0,0,0,0,0
227,1979,Idaho,117.5,9.7373362,,0.1598672,55.400002,9,0,0,0,0,0,0
228,1980,Idaho,115.2,9.7114964,,0.157839,56.400002,10,0,0,0,0,0,0
229,1981,Idaho,114.1,9.6848984,,0.1563834,59.200001,11,0,0,0,0,0,0
230,1982,Idaho,111.5,9.645257,,0.15492781,67.599998,12,0,0,0,0,0,0
231,1983,Idaho,111.3,9.6945438,,0.1534723,76.5,13,0,0,0,0,0,0
232,1984,Idaho,103.6,9.7073164,23.200001,0.1520167,88.5,14,0,0,0,0,0,0
233,1985,Idaho,100.7,9.7152567,22.299999,0.1505612,97.599998,15,0,0,0,0,0,0
234,1986,Idaho,96.699997,9.7362137,22.5,0.14910559,99.900002,16,0,0,0,0,0,0
235,1987,Idaho,95,9.7407227,22,0.14765,107.1,17,0,0,0,0,0,0
236,1988,Idaho,84.5,9.7660036,21.1,0.1461945,121.9,18,0,0,0,0,0,0
237,1989,Idaho,78.400002,9.8279266,21.6,0.1447389,133.60001,19,0,0,1,0,0,0
238,1990,Idaho,90.099998,9.8399277,22.9,0.14328329,141.3,20,0,0,1,1,0,0
239,1991,Idaho,85.400002,9.8350945,22.200001,,144.39999,21,0,0,1,2,0,0
240,1992,Idaho,85.099998,9.8561497,22.6,,167.2,22,0,0,1,3,0,0
241,1993,Idaho,86.699997,9.8773632,21.799999,,171.2,23,0,0,1,4,0,0
242,1994,Idaho,93,9.903079,21.4,,150.5,24,0,0,1,5,0,0
243,1995,Idaho,78.199997,9.9196787,20.1,,163.5,25,0,0,1,6,0,0
244,1996,Idaho,73.599998,9.9336338,20.6,,176.5,26,0,0,1,7,0,0
245,1997,Idaho,75,9.9219522,20.1,,184.39999,27,0,0,1,8,0,0
246,1998,Idaho,78.900002,,,,187.10001,28,0,0,1,9,0,0
247,1999,Idaho,75.099998,,,,210.7,29,0,0,1,10,0,0
248,2000,Idaho,66.900002,,,,275.89999,30,0,0,1,11,0,0
249,1970,Illinois,124.8,,,0.16696671,41.400002,0,0,0,0,0,0,0
250,1971,Illinois,125.6,,,0.1689976,41.400002,1,0,0,0,0,0,0
251,1972,Illinois,126.6,9.9081612,,0.17102849,41.900002,2,0,0,0,0,0,0
252,1973,Illinois,124.4,9.9615955,,0.1730594,41,3,0,0,0,0,0,0
253,1974,Illinois,131.89999,9.9463148,,0.1750903,41.900002,4,0,0,0,0,0,0
254,1975,Illinois,131.8,9.9341898,,0.17712121,45.200001,5,0,0,0,0,0,0
255,1976,Illinois,134.39999,9.965498,,0.1791521,48.400002,6,0,0,0,0,0,0
256,1977,Illinois,134,9.9969492,,0.181183,49.400002,7,0,0,0,0,0,0
257,1978,Illinois,136.7,10.0236,,0.1832139,54.599998,8,0,0,0,0,0,0
258,1979,Illinois,135.3,10.01367,,0.1852448,56.799999,9,0,0,0,0,0,0
259,1980,Illinois,135.2,9.9621735,,0.1872758,60,10,0,0,0,0,0,0
260,1981,Illinois,133,9.9650173,,0.1830271,63.099998,11,0,0,0,0,0,0
261,1982,Illinois,130.7,9.9449787,,0.1787785,69.599998,12,0,0,0,0,0,0
262,1983,Illinois,127.9,9.9548035,,0.17452981,80.800003,13,0,0,0,0,0,0
263,1984,Illinois,124,10.00314,24.6,0.1702812,89.599998,14,0,0,0,0,0,0
264,1985,Illinois,121.6,10.02082,24.299999,0.16603249,96.699997,15,0,0,0,0,0,0
265,1986,Illinois,118.2,10.0553,24.700001,0.1617839,108.4,16,0,0,0,0,0,0
266,1987,Illinois,109.5,10.06775,25.1,0.1575353,116.2,17,0,0,0,0,0,0
267,1988,Illinois,107.6,10.08796,25,0.15328661,124.1,18,0,0,0,0,0,0
268,1989,Illinois,104.6,10.11391,24.4,0.149038,132.7,19,0,0,1,0,0,0
269,1990,Illinois,94.099998,10.11675,25.700001,0.14478929,147.3,20,0,0,1,1,0,0
270,1991,Illinois,96.099998,10.09824,24.4,,154,21,0,0,1,2,0,0
271,1992,Illinois,94.800003,10.12329,23.799999,,179.8,22,0,0,1,3,0,0
272,1993,Illinois,94.599998,10.12783,23.5,,187.5,23,0,0,1,4,0,0
273,1994,Illinois,85.699997,10.15419,23.6,,182.10001,24,0,0,1,5,0,0
274,1995,Illinois,84.300003,10.20035,23.200001,,185.2,25,0,0,1,6,0,0
275,1996,Illinois,81.800003,10.22424,22.9,,188.7,26,0,0,1,7,0,0
276,1997,Illinois,79.599998,10.23659,22.9,,198.7,27,0,0,1,8,0,0
277,1998,Illinois,80.300003,,,,202.3,28,0,0,1,9,0,0
278,1999,Illinois,72.199997,,,,240.5,29,0,0,1,10,0,0
279,2000,Illinois,70,,,,312.70001,30,0,0,1,11,0,0
280,1970,Indiana,134.60001,,,0.17651591,30.6,0,0,0,0,0,0,0
281,1971,Indiana,139.3,,,0.1779718,32.200001,1,0,0,0,0,0,0
282,1972,Indiana,149.2,9.7318726,,0.17942759,32.5,2,0,0,0,0,0,0
283,1973,Indiana,156,9.8068829,,0.1808835,32.900002,3,0,0,0,0,0,0
284,1974,Indiana,159.60001,9.7631845,,0.1823394,34.5,4,0,0,0,0,0,0
285,1975,Indiana,162.39999,9.7436609,,0.1837953,36.700001,5,0,0,0,0,0,0
286,1976,Indiana,166.60001,9.7987547,,0.18525121,38.700001,6,0,0,0,0,0,0
287,1977,Indiana,173,9.8333149,,0.186707,40.599998,7,0,0,0,0,0,0
288,1978,Indiana,150.89999,9.8652325,,0.18816289,50,8,0,0,0,0,0,0
289,1979,Indiana,148.89999,9.8514891,,0.1896188,52.5,9,0,0,0,0,0,0
290,1980,Indiana,146.89999,9.7957764,,0.1910747,53.700001,10,0,0,0,0,0,0
291,1981,Indiana,148.5,9.7881498,,0.1870784,58.299999,11,0,0,0,0,0,0
292,1982,Indiana,147.7,9.7577543,,0.18308219,65.099998,12,0,0,0,0,0,0
293,1983,Indiana,143,9.7750578,,0.1790859,75.699997,13,0,0,0,0,0,0
294,1984,Indiana,137.8,9.8294573,22,0.1750897,85.199997,14,0,0,0,0,0,0
295,1985,Indiana,135.3,9.8443022,22,0.1710934,88.800003,15,0,0,0,0,0,0
296,1986,Indiana,137.60001,9.8822317,22.1,0.16709711,93.599998,16,0,0,0,0,0,0
297,1987,Indiana,134,9.8970432,21.9,0.1631009,100.1,17,0,0,0,0,0,0
298,1988,Indiana,134,9.9150448,21.9,0.1591046,109.3,18,0,0,0,0,0,0
299,1989,Indiana,132.5,9.9365816,21.5,0.15510841,119,19,0,0,1,0,0,0
300,1990,Indiana,128.3,9.9351416,22.4,0.15111209,130.8,20,0,0,1,1,0,0
301,1991,Indiana,127.2,9.9210815,21.6,,135.8,21,0,0,1,2,0,0
302,1992,Indiana,128.2,9.9537973,20.700001,,153.5,22,0,0,1,3,0,0
303,1993,Indiana,126.8,9.9656334,20.5,,157.5,23,0,0,1,4,0,0
304,1994,Indiana,128.2,10.00135,20.6,,146.60001,24,0,0,1,5,0,0
305,1995,Indiana,135.39999,10.04371,20.1,,146.3,25,0,0,1,6,0,0
306,1996,Indiana,135.10001,10.06089,20.299999,,147.8,26,0,0,1,7,0,0
307,1997,Indiana,135.3,10.05211,20.299999,,156.3,27,0,0,1,8,0,0
308,1998,Indiana,135.89999,,,,166.8,28,0,0,1,9,0,0
309,1999,Indiana,133.3,,,,190,29,0,0,1,10,0,0
310,2000,Indiana,125.5,,,,260.20001,30,0,0,1,11,0,0
311,1970,Iowa,108.5,,,0.1688496,37.700001,0,0,0,0,0,0,0
312,1971,Iowa,108.4,,,0.170839,38.5,1,0,0,0,0,0,0
313,1972,Iowa,109.4,9.7302647,,0.1728285,41.900002,2,0,0,0,0,0,0
314,1973,Iowa,110.6,9.8583717,,0.1748179,41.900002,3,0,0,0,0,0,0
315,1974,Iowa,116.1,9.7882767,,0.1768073,43.200001,4,0,0,0,0,0,0
316,1975,Iowa,120.5,9.8002882,,0.1787968,45.400002,5,0,0,0,0,0,0
317,1976,Iowa,124.4,9.8033323,,0.18078621,47.799999,6,0,0,0,0,0,0
318,1977,Iowa,125.5,9.8393202,,0.18277571,49.400002,7,0,0,0,0,0,0
319,1978,Iowa,127.1,9.9141836,,0.1847651,54.599998,8,0,0,0,0,0,0
320,1979,Iowa,124.2,9.881053,,0.1867546,56.400002,9,0,0,0,0,0,0
321,1980,Iowa,124.6,9.8101025,,0.18874399,58.799999,10,0,0,0,0,0,0
322,1981,Iowa,132.89999,9.8386841,,0.1840352,61.400002,11,0,0,0,0,0,0
323,1982,Iowa,116.2,9.7953053,,0.1793265,72.800003,12,0,0,0,0,0,0
324,1983,Iowa,115.6,9.7835722,,0.17461769,84,13,0,0,0,0,0,0
325,1984,Iowa,111.2,9.8315821,23.9,0.1699089,93.300003,14,0,0,0,0,0,0
326,1985,Iowa,109.4,9.839345,22.9,0.1652002,99.5,15,0,0,0,0,0,0
327,1986,Iowa,104.1,9.8702335,23.299999,0.16049141,104.8,16,0,0,0,0,0,0
328,1987,Iowa,101.1,9.8879442,23.1,0.1557826,117.1,17,0,0,0,0,0,0
329,1988,Iowa,100.2,9.8755713,23,0.1510739,124.2,18,0,0,0,0,0,0
330,1989,Iowa,94.400002,9.9159241,22.700001,0.14636511,145.10001,19,0,0,1,0,0,0
331,1990,Iowa,95.400002,9.9278059,23.6,0.1416564,149.60001,20,0,0,1,1,0,0
332,1991,Iowa,97.099998,9.911109,23.5,,155.39999,21,0,0,1,2,0,0
333,1992,Iowa,95.199997,9.942481,23.299999,,178.5,22,0,0,1,3,0,0
334,1993,Iowa,92.5,9.9209833,23,,189.7,23,0,0,1,4,0,0
335,1994,Iowa,93.400002,9.9968672,23.299999,,171.39999,24,0,0,1,5,0,0
336,1995,Iowa,93,10.00185,22.700001,,179,25,0,0,1,6,0,0
337,1996,Iowa,94,10.04901,23.1,,183.8,26,0,0,1,7,0,0
338,1997,Iowa,93.900002,10.04928,23.299999,,189.3,27,0,0,1,8,0,0
339,1998,Iowa,94,,,,193.8,28,0,0,1,9,0,0
340,1999,Iowa,91.699997,,,,213,29,0,0,1,10,0,0
341,2000,Iowa,88.900002,,,,286.29999,30,0,0,1,11,0,0
342,1970,Kansas,114,,,0.18052471,34.200001,0,0,0,0,0,0,0
343,1971,Kansas,102.8,,,0.18155,38.900002,1,0,0,0,0,0,0
344,1972,Kansas,111,9.7681179,,0.1825754,38.799999,2,0,0,0,0,0,0
345,1973,Kansas,115.2,9.8382292,,0.1836008,39.299999,3,0,0,0,0,0,0
346,1974,Kansas,118.6,9.8108969,,0.1846261,40.200001,4,0,0,0,0,0,0
347,1975,Kansas,123.4,9.8006124,,0.1856515,42.700001,5,0,0,0,0,0,0
348,1976,Kansas,127.7,9.8306255,,0.1866769,46.599998,6,0,0,0,0,0,0
349,1977,Kansas,127.9,9.8480768,,0.18770219,48.099998,7,0,0,0,0,0,0
350,1978,Kansas,127.1,9.8756046,,0.1887276,52.599998,8,0,0,0,0,0,0
351,1979,Kansas,126.4,9.9037971,,0.189753,54.799999,9,0,0,0,0,0,0
352,1980,Kansas,127.1,9.8624439,,0.1907783,58.299999,10,0,0,0,0,0,0
353,1981,Kansas,132,9.8771791,,0.1857294,59.799999,11,0,0,0,0,0,0
354,1982,Kansas,130.89999,9.8813038,,0.1806805,65.099998,12,0,0,0,0,0,0
355,1983,Kansas,127.6,9.8855658,,0.1756316,77,13,0,0,0,0,0,0
356,1984,Kansas,121.7,9.9164648,20.700001,0.1705827,91,14,0,0,0,0,0,0
357,1985,Kansas,115.7,9.9359484,20.1,0.16553371,97.5,15,0,0,0,0,0,0
358,1986,Kansas,109.4,9.9614182,19.9,0.16048481,103,16,0,0,0,0,0,0
359,1987,Kansas,105.2,9.9628201,19.700001,0.1554359,114.5,17,0,0,0,0,0,0
360,1988,Kansas,103.2,9.9697027,19.299999,0.150387,123.9,18,0,0,0,0,0,0
361,1989,Kansas,96.5,9.9629526,19.4,0.145338,136.5,19,0,0,1,0,0,0
362,1990,Kansas,94.300003,9.9836664,19.700001,0.1402891,145.8,20,0,0,1,1,0,0
363,1991,Kansas,91.800003,9.9764175,20,,152.7,21,0,0,1,2,0,0
364,1992,Kansas,90,9.9982672,19.200001,,174.2,22,0,0,1,3,0,0
365,1993,Kansas,89.900002,10.00207,19.4,,174.2,23,0,0,1,4,0,0
366,1994,Kansas,89.099998,10.02658,19.5,,159.60001,24,0,0,1,5,0,0
367,1995,Kansas,90.099998,10.04495,19.1,,165.7,25,0,0,1,6,0,0
368,1996,Kansas,88.699997,10.07641,18.9,,167.7,26,0,0,1,7,0,0
369,1997,Kansas,89.199997,10.08714,19.700001,,171.3,27,0,0,1,8,0,0
370,1998,Kansas,87.599998,,,,184.3,28,0,0,1,9,0,0
371,1999,Kansas,83.300003,,,,207,29,0,0,1,10,0,0
372,2000,Kansas,79.800003,,,,271.20001,30,0,0,1,11,0,0
373,1970,Kentucky,155.8,,,0.1813101,28.299999,0,0,0,0,0,0,0
374,1971,Kentucky,163.5,,,0.1822996,30.1,1,0,0,0,0,0,0
375,1972,Kentucky,179.39999,9.5474815,,0.18328901,30.6,2,0,0,0,0,0,0
376,1973,Kentucky,201.89999,9.598115,,0.1842785,30.6,3,0,0,0,0,0,0
377,1974,Kentucky,212.39999,9.6005249,,0.1852679,31.5,4,0,0,0,0,0,0
378,1975,Kentucky,223,9.5793238,,0.18625741,33.299999,5,0,0,0,0,0,0
379,1976,Kentucky,230.89999,9.6248569,,0.1872468,36,6,0,0,0,0,0,0
380,1977,Kentucky,229.39999,9.6726656,,0.1882363,36.900002,7,0,0,0,0,0,0
381,1978,Kentucky,224.7,9.703743,,0.1892257,41.400002,8,0,0,0,0,0,0
382,1979,Kentucky,214.89999,9.7025099,,0.1902151,43.400002,9,0,0,0,0,0,0
383,1980,Kentucky,215.3,9.6613588,,0.19120459,46.299999,10,0,0,0,0,0,0
384,1981,Kentucky,209.7,9.6655722,,0.1872535,49.400002,11,0,0,0,0,0,0
385,1982,Kentucky,210.60001,9.6542597,,0.1833023,56.299999,12,0,0,0,0,0,0
386,1983,Kentucky,201.10001,9.642765,,0.1793512,66.400002,13,0,0,0,0,0,0
387,1984,Kentucky,183.2,9.6995554,18.5,0.17540009,75.400002,14,0,0,0,0,0,0
388,1985,Kentucky,182.39999,9.7036314,18.9,0.1714489,79.300003,15,0,0,0,0,0,0
389,1986,Kentucky,179.8,9.7299166,19.200001,0.1674978,85.400002,16,0,0,0,0,0,0
390,1987,Kentucky,171.2,9.7397251,19,0.1635467,90.5,17,0,0,0,0,0,0
391,1988,Kentucky,173.2,9.7585793,19.1,0.15959559,94.400002,18,0,0,0,0,0,0
392,1989,Kentucky,171.60001,9.7873411,18.299999,0.1556444,103.8,19,0,0,1,0,0,0
393,1990,Kentucky,182.5,9.8046007,20.1,0.1516933,115.6,20,0,0,1,1,0,0
394,1991,Kentucky,170.39999,9.8089809,19.4,,120.5,21,0,0,1,2,0,0
395,1992,Kentucky,167.60001,9.8416891,19,,135.8,22,0,0,1,3,0,0
396,1993,Kentucky,167.60001,9.8432503,19.299999,,145.39999,23,0,0,1,4,0,0
397,1994,Kentucky,170.10001,9.8683996,19.6,,132.8,24,0,0,1,5,0,0
398,1995,Kentucky,175.3,9.9034758,18.9,,134.8,25,0,0,1,6,0,0
399,1996,Kentucky,179,9.9274874,19.1,,139.8,26,0,0,1,7,0,0
400,1997,Kentucky,186.8,9.9321775,19.299999,,145.60001,27,0,0,1,8,0,0
401,1998,Kentucky,171.3,,,,155.7,28,0,0,1,9,0,0
402,1999,Kentucky,165.3,,,,179.2,29,0,0,1,10,0,0
403,2000,Kentucky,156.2,,,,243.39999,30,0,0,1,11,0,0
404,1970,Louisiana,115.9,,,0.18518519,34.299999,0,0,0,0,0,0,0
405,1971,Louisiana,119.8,,,0.1867808,39.299999,1,0,0,0,0,0,0
406,1972,Louisiana,125.3,9.5173655,,0.1883764,40,2,0,0,0,0,0,0
407,1973,Louisiana,126.7,9.5641108,,0.189972,39.900002,3,0,0,0,0,0,0
408,1974,Louisiana,129.89999,9.5798197,,0.1915676,41.599998,4,0,0,0,0,0,0
409,1975,Louisiana,133.60001,9.5852079,,0.1931632,44.299999,5,0,0,0,0,0,0
410,1976,Louisiana,139.60001,9.6443291,,0.1947588,48.099998,6,0,0,0,0,0,0
411,1977,Louisiana,140,9.6790781,,0.1963544,48.900002,7,0,0,0,0,0,0
412,1978,Louisiana,142.7,9.7316809,,0.19795001,54.200001,8,0,0,0,0,0,0
413,1979,Louisiana,140.10001,9.7377748,,0.19954561,57.099998,9,0,0,0,0,0,0
414,1980,Louisiana,143.8,9.7394915,,0.20114119,60,10,0,0,0,0,0,0
415,1981,Louisiana,144,9.7650614,,0.1963432,62.599998,11,0,0,0,0,0,0
416,1982,Louisiana,143.89999,9.7531261,,0.1915451,70.300003,12,0,0,0,0,0,0
417,1983,Louisiana,133.7,9.7468615,,0.186747,80.699997,13,0,0,0,0,0,0
418,1984,Louisiana,128.89999,9.7606812,23.799999,0.1819489,90.699997,14,0,0,0,0,0,0
419,1985,Louisiana,125,9.7616596,23,0.1771508,103,15,0,0,0,0,0,0
420,1986,Louisiana,121.2,9.7405939,23.700001,0.17235281,105.1,16,0,0,0,0,0,0
421,1987,Louisiana,116.5,9.7166986,24.299999,0.16755471,117.8,17,0,0,0,0,0,0
422,1988,Louisiana,110.9,9.7441053,24.6,0.16275661,120.4,18,0,0,0,0,0,0
423,1989,Louisiana,103.6,9.7500658,24.4,0.15795849,130.7,19,0,0,1,0,0,0
424,1990,Louisiana,101.5,9.7702637,26.4,0.1531605,143.39999,20,0,0,1,1,0,0
425,1991,Louisiana,107.2,9.7844229,26.1,,149.60001,21,0,0,1,2,0,0
426,1992,Louisiana,108.5,9.8055668,26.700001,,178.10001,22,0,0,1,3,0,0
427,1993,Louisiana,106.2,9.8215361,26.5,,180.5,23,0,0,1,4,0,0
428,1994,Louisiana,105.3,9.8609934,27.1,,157.39999,24,0,0,1,5,0,0
429,1995,Louisiana,105.7,9.9105272,26.1,,155.8,25,0,0,1,6,0,0
430,1996,Louisiana,106.8,9.9236641,26.5,,165.3,26,0,0,1,7,0,0
431,1997,Louisiana,105.3,9.9265089,26.700001,,166.89999,27,0,0,1,8,0,0
432,1998,Louisiana,103.2,,,,185.89999,28,0,0,1,9,0,0
433,1999,Louisiana,101,,,,208,29,0,0,1,10,0,0
434,2000,Louisiana,104.3,,,,281.20001,30,0,0,1,11,0,0
435,1970,Maine,128.5,,,0.1690141,38,0,0,0,0,0,0,0
436,1971,Maine,133.2,,,0.17033491,38.799999,1,0,0,0,0,0,0
437,1972,Maine,136.5,9.5971403,,0.1716557,41.5,2,0,0,0,0,0,0
438,1973,Maine,138,9.6472855,,0.17297649,41,3,0,0,0,0,0,0
439,1974,Maine,142.10001,9.6362343,,0.1742973,41.799999,4,0,0,0,0,0,0
440,1975,Maine,140.7,9.6008902,,0.1756181,46.700001,5,0,0,0,0,0,0
441,1976,Maine,144.89999,9.6716871,,0.176939,49.900002,6,0,0,0,0,0,0
442,1977,Maine,145.60001,9.678421,,0.1782598,50.900002,7,0,0,0,0,0,0
443,1978,Maine,143.89999,9.6988077,,0.1795806,55,8,0,0,0,0,0,0
444,1979,Maine,138.5,9.6941938,,0.18090139,54.5,9,0,0,0,0,0,0
445,1980,Maine,141.2,9.683053,,0.1822222,59,10,0,0,0,0,0,0
446,1981,Maine,138.89999,9.6794462,,0.17809661,62.900002,11,0,0,0,0,0,0
447,1982,Maine,139.5,9.6835651,,0.17397089,69.699997,12,0,0,0,0,0,0
448,1983,Maine,135.39999,9.7240248,,0.1698453,80.800003,13,0,0,0,0,0,0
449,1984,Maine,135.5,9.7747631,22.1,0.1657197,93.699997,14,0,0,0,0,0,0
450,1985,Maine,127.9,9.8076591,22.200001,0.161594,98.099998,15,0,0,0,0,0,0
451,1986,Maine,119,9.8740902,22.4,0.15746839,112.7,16,0,0,0,0,0,0
452,1987,Maine,125,9.9113073,22.6,0.1533428,121.2,17,0,0,0,0,0,0
453,1988,Maine,125,9.9442158,22.9,0.1492171,129,18,0,0,0,0,0,0
454,1989,Maine,122.4,9.9670792,21.799999,0.1450915,144.39999,19,0,0,1,0,0,0
455,1990,Maine,117.5,9.949729,22.1,0.1409658,160.10001,20,0,0,1,1,0,0
456,1991,Maine,116.1,9.9244347,21.5,,165.8,21,0,0,1,2,0,0
457,1992,Maine,114.5,9.942132,20.799999,,187.7,22,0,0,1,3,0,0
458,1993,Maine,108.5,9.9456549,20.6,,192.60001,23,0,0,1,4,0,0
459,1994,Maine,101.6,9.9626493,20.299999,,178.3,24,0,0,1,5,0,0
460,1995,Maine,102.3,9.9690561,21.1,,184.89999,25,0,0,1,6,0,0
461,1996,Maine,100,9.9872446,21.299999,,186.89999,26,0,0,1,7,0,0
462,1997,Maine,101.1,9.9958286,21,,190.2,27,0,0,1,8,0,0
463,1998,Maine,94.5,,,,219.60001,28,0,0,1,9,0,0
464,1999,Maine,85.5,,,,267.79999,29,0,0,1,10,0,0
465,2000,Maine,82.900002,,,,330.5,30,0,0,1,11,0,0
466,1970,Minnesota,104.3,,,0.1747241,39.099998,0,0,0,0,0,0,0
467,1971,Minnesota,116.4,,,0.1767316,40.099998,1,0,0,0,0,0,0
468,1972,Minnesota,96.800003,9.7651882,,0.1787391,45.200001,2,0,0,0,0,0,0
469,1973,Minnesota,106.8,9.8620453,,0.1807465,45.599998,3,0,0,0,0,0,0
470,1974,Minnesota,110.6,9.8283424,,0.182754,47,4,0,0,0,0,0,0
471,1975,Minnesota,111.5,9.8016319,,0.18476149,49.400002,5,0,0,0,0,0,0
472,1976,Minnesota,116.7,9.8249302,,0.1867689,52.099998,6,0,0,0,0,0,0
473,1977,Minnesota,117.2,9.8759785,,0.1887764,53.099998,7,0,0,0,0,0,0
474,1978,Minnesota,118.9,9.9134417,,0.1907839,57.900002,8,0,0,0,0,0,0
475,1979,Minnesota,118.3,9.9091606,,0.1927914,60.900002,9,0,0,0,0,0,0
476,1980,Minnesota,117.7,9.8774834,,0.1947988,63,10,0,0,0,0,0,0
477,1981,Minnesota,120.8,9.8679962,,0.1892152,65.800003,11,0,0,0,0,0,0
478,1982,Minnesota,119.4,9.8631859,,0.18363149,71.699997,12,0,0,0,0,0,0
479,1983,Minnesota,113.2,9.8746061,,0.17804781,87.300003,13,0,0,0,0,0,0
480,1984,Minnesota,110.8,9.950923,23.5,0.17246421,99.199997,14,0,0,0,0,0,0
481,1985,Minnesota,113,9.9689693,23,0.1668805,101.5,15,0,0,0,0,0,0
482,1986,Minnesota,104.3,10.00552,23,0.1612968,116.3,16,0,0,0,0,0,0
483,1987,Minnesota,108.8,10.02377,23.200001,0.1557132,120.1,17,0,0,0,0,0,0
484,1988,Minnesota,94.099998,10.01661,22.9,0.1501295,141.7,18,0,0,0,0,0,0
485,1989,Minnesota,92.300003,10.04741,22.5,0.14454579,152.5,19,0,0,1,0,0,0
486,1990,Minnesota,90.699997,10.0464,23.200001,0.1389621,162.3,20,0,0,1,1,0,0
487,1991,Minnesota,86.199997,10.03139,22.700001,,173.89999,21,0,0,1,2,0,0
488,1992,Minnesota,83.800003,10.06335,22,,197.7,22,0,0,1,3,0,0
489,1993,Minnesota,81.599998,10.05818,21.9,,215.60001,23,0,0,1,4,0,0
490,1994,Minnesota,83.400002,10.09502,22.5,,196.10001,24,0,0,1,5,0,0
491,1995,Minnesota,84.099998,10.14878,22.1,,202.2,25,0,0,1,6,0,0
492,1996,Minnesota,81.699997,10.18895,22.4,,208.60001,26,0,0,1,7,0,0
493,1997,Minnesota,84.099998,10.17544,22.200001,,216.8,27,0,0,1,8,0,0
494,1998,Minnesota,83.199997,,,,220.2,28,0,0,1,9,0,0
495,1999,Minnesota,80.699997,,,,227.39999,29,0,0,1,10,0,0
496,2000,Minnesota,76,,,,303.60001,30,0,0,1,11,0,0
497,1970,Mississippi,93.400002,,,0.1831304,36.200001,0,0,0,0,0,0,0
498,1971,Mississippi,105.4,,,0.1843731,37.5,1,0,0,0,0,0,0
499,1972,Mississippi,112.1,9.3974485,,0.1856157,37.400002,2,0,0,0,0,0,0
500,1973,Mississippi,115,9.4570627,,0.1868584,37.299999,3,0,0,0,0,0,0
501,1974,Mississippi,117.1,9.4363928,,0.1881011,41.400002,4,0,0,0,0,0,0
502,1975,Mississippi,116.8,9.4136028,,0.1893438,43,5,0,0,0,0,0,0
503,1976,Mississippi,120.9,9.4779911,,0.19058651,46.400002,6,0,0,0,0,0,0
504,1977,Mississippi,122.1,9.5163717,,0.1918292,48.799999,7,0,0,0,0,0,0
505,1978,Mississippi,124.9,9.5403347,,0.1930719,53.599998,8,0,0,0,0,0,0
506,1979,Mississippi,123.9,9.5529699,,0.1943146,56.5,9,0,0,0,0,0,0
507,1980,Mississippi,127,9.5035429,,0.1955573,59.700001,10,0,0,0,0,0,0
508,1981,Mississippi,125.3,9.5124493,,0.1920408,63,11,0,0,0,0,0,0
509,1982,Mississippi,125.8,9.4982471,,0.1885242,69.199997,12,0,0,0,0,0,0
510,1983,Mississippi,122.3,9.5044794,,0.18500771,78.599998,13,0,0,0,0,0,0
511,1984,Mississippi,116.4,9.5459032,20.1,0.1814912,89,14,0,0,0,0,0,0
512,1985,Mississippi,115.3,9.5537367,20.6,0.1779746,96.400002,15,0,0,0,0,0,0
513,1986,Mississippi,113.2,9.5764771,21.5,0.1744581,106,16,0,0,0,0,0,0
514,1987,Mississippi,110,9.5995131,21.6,0.1709415,115.8,17,0,0,0,0,0,0
515,1988,Mississippi,109,9.627286,21.9,0.16742501,122.6,18,0,0,0,0,0,0
516,1989,Mississippi,108.3,9.6436415,21.6,0.1639085,125.8,19,0,0,1,0,0,0
517,1990,Mississippi,101.8,9.6446075,23.299999,0.1603919,139.89999,20,0,0,1,1,0,0
518,1991,Mississippi,105.6,9.6529732,22.9,,142.7,21,0,0,1,2,0,0
519,1992,Mississippi,103.9,9.6849775,23.5,,160.8,22,0,0,1,3,0,0
520,1993,Mississippi,105.4,9.701045,23.9,,177.8,23,0,0,1,4,0,0
521,1994,Mississippi,106,9.7519388,24.5,,156.89999,24,0,0,1,5,0,0
522,1995,Mississippi,107.5,9.7853289,24,,153.89999,25,0,0,1,6,0,0
523,1996,Mississippi,106.9,9.8088684,24.299999,,161.2,26,0,0,1,7,0,0
524,1997,Mississippi,106.3,9.8037863,24.4,,168.60001,27,0,0,1,8,0,0
525,1998,Mississippi,107,,,,175.8,28,0,0,1,9,0,0
526,1999,Mississippi,103.9,,,,199.5,29,0,0,1,10,0,0
527,2000,Mississippi,97.199997,,,,272,30,0,0,1,11,0,0
528,1970,Missouri,121.3,,,0.167593,36,0,0,0,0,0,0,0
529,1971,Missouri,127.6,,,0.16925959,36.799999,1,0,0,0,0,0,0
530,1972,Missouri,130,9.7333536,,0.17092609,37.700001,2,0,0,0,0,0,0
531,1973,Missouri,132.10001,9.7807522,,0.1725927,37.700001,3,0,0,0,0,0,0
532,1974,Missouri,135.39999,9.7390146,,0.17425931,38,4,0,0,0,0,0,0
533,1975,Missouri,135.60001,9.7308102,,0.1759259,43.5,5,0,0,0,0,0,0
534,1976,Missouri,139.5,9.769454,,0.1775924,44.700001,6,0,0,0,0,0,0
535,1977,Missouri,140.8,9.8080416,,0.179259,45.900002,7,0,0,0,0,0,0
536,1978,Missouri,141.8,9.8447638,,0.18092559,49.900002,8,0,0,0,0,0,0
537,1979,Missouri,140.2,9.8475256,,0.18259209,52.200001,9,0,0,0,0,0,0
538,1980,Missouri,142.10001,9.8010473,,0.1842587,57.299999,10,0,0,0,0,0,0
539,1981,Missouri,140.5,9.8103666,,0.1798325,59.900002,11,0,0,0,0,0,0
540,1982,Missouri,139.7,9.8026876,,0.17540631,64.699997,12,0,0,0,0,0,0
541,1983,Missouri,134.10001,9.8293009,,0.1709801,74.800003,13,0,0,0,0,0,0
542,1984,Missouri,130,9.8815126,23.700001,0.1665539,84.800003,14,0,0,0,0,0,0
543,1985,Missouri,129.2,9.9132919,23.700001,0.1621277,93.699997,15,0,0,0,0,0,0
544,1986,Missouri,128.8,9.9467764,24.200001,0.15770151,101.9,16,0,0,0,0,0,0
545,1987,Missouri,128.7,9.9532776,24.200001,0.1532753,108.5,17,0,0,0,0,0,0
546,1988,Missouri,127.4,9.9582586,23.6,0.1488491,114.6,18,0,0,0,0,0,0
547,1989,Missouri,122.8,9.9722586,23.6,0.1444229,118.9,19,0,0,1,0,0,0
548,1990,Missouri,119.1,9.9704046,24.299999,0.13999671,129.10001,20,0,0,1,1,0,0
549,1991,Missouri,119.9,9.9682035,23.9,,132.5,21,0,0,1,2,0,0
550,1992,Missouri,122.3,9.9847984,23.700001,,153.10001,22,0,0,1,3,0,0
551,1993,Missouri,121.6,9.9861755,23.6,,157.60001,23,0,0,1,4,0,0
552,1994,Missouri,119.4,10.01636,24.200001,,146.8,24,0,0,1,5,0,0
553,1995,Missouri,124,10.05391,23.5,,150.3,25,0,0,1,6,0,0
554,1996,Missouri,124.1,10.07675,23.6,,159.8,26,0,0,1,7,0,0
555,1997,Missouri,120.6,10.07141,23.5,,163.39999,27,0,0,1,8,0,0
556,1998,Missouri,120.1,,,,173.8,28,0,0,1,9,0,0
557,1999,Missouri,118,,,,197,29,0,0,1,10,0,0
558,2000,Missouri,113.8,,,,258.79999,30,0,0,1,11,0,0
559,1970,Montana,111.2,,,0.1757925,34,0,0,0,0,0,0,0
560,1971,Montana,115.6,,,0.1771459,34.700001,1,0,0,0,0,0,0
561,1972,Montana,122.2,9.6946411,,0.1784993,40.099998,2,0,0,0,0,0,0
562,1973,Montana,119.9,9.7757425,,0.17985269,40.900002,3,0,0,0,0,0,0
563,1974,Montana,121.9,9.7400379,,0.18120611,41.799999,4,0,0,0,0,0,0
564,1975,Montana,123.7,9.7246466,,0.18255951,43.700001,5,0,0,0,0,0,0
565,1976,Montana,124.9,9.7307987,,0.1839129,45.299999,6,0,0,0,0,0,0
566,1977,Montana,127,9.7327766,,0.1852663,47.599998,7,0,0,0,0,0,0
567,1978,Montana,127.2,9.8146505,,0.1866197,51.900002,8,0,0,0,0,0,0
568,1979,Montana,120.3,9.7786264,,0.1879731,53.700001,9,0,0,0,0,0,0
569,1980,Montana,122,9.7433786,,0.1893266,56.700001,10,0,0,0,0,0,0
570,1981,Montana,121.1,9.7572937,,0.1833387,60.400002,11,0,0,0,0,0,0
571,1982,Montana,122.4,9.7356701,,0.17735089,65.699997,12,0,0,0,0,0,0
572,1983,Montana,113.7,9.7481604,,0.171363,77.199997,13,0,0,0,0,0,0
573,1984,Montana,110.1,9.7452202,29.4,0.1653752,91.300003,14,0,0,0,0,0,0
574,1985,Montana,103.6,9.7294073,27.799999,0.15938739,95.5,15,0,0,0,0,0,0
575,1986,Montana,97.800003,9.7748528,27.4,0.1533995,102,16,0,0,0,0,0,0
576,1987,Montana,91.699997,9.7781172,27.200001,0.1474117,106.2,17,0,0,0,0,0,0
577,1988,Montana,87.099998,9.7651443,27.6,0.1414239,115.3,18,0,0,0,0,0,0
578,1989,Montana,86.199997,9.8151798,27.200001,0.135436,123,19,0,0,1,0,0,0
579,1990,Montana,84.699997,9.8022699,27.799999,0.12944821,140.39999,20,0,0,1,1,0,0
580,1991,Montana,82.900002,9.8321304,28,,143.60001,21,0,0,1,2,0,0
581,1992,Montana,86.599998,9.8387079,27.700001,,163.5,22,0,0,1,3,0,0
582,1993,Montana,86,9.8704977,26.200001,,179.39999,23,0,0,1,4,0,0
583,1994,Montana,88.199997,9.8718996,26.6,,151.3,24,0,0,1,5,0,0
584,1995,Montana,90.5,9.8912792,26.5,,155.39999,25,0,0,1,6,0,0
585,1996,Montana,87.300003,9.9017601,26.700001,,156.8,26,0,0,1,7,0,0
586,1997,Montana,88.900002,9.8860435,27,,164.89999,27,0,0,1,8,0,0
587,1998,Montana,89.099998,,,,175.39999,28,0,0,1,9,0,0
588,1999,Montana,82.599998,,,,196.2,29,0,0,1,10,0,0
589,2000,Montana,75.5,,,,260.70001,30,0,0,1,11,0,0
590,1970,Nebraska,108.1,,,0.17373741,33.900002,0,0,0,0,0,0,0
591,1971,Nebraska,108.6,,,0.17521711,34.700001,1,0,0,0,0,0,0
592,1972,Nebraska,104.9,9.7464752,,0.1766969,41.099998,2,0,0,0,0,0,0
593,1973,Nebraska,106.6,9.8352985,,0.1781767,41.200001,3,0,0,0,0,0,0
594,1974,Nebraska,110.5,9.766387,,0.1796564,42,4,0,0,0,0,0,0
595,1975,Nebraska,114.1,9.797554,,0.18113621,44.599998,5,0,0,0,0,0,0
596,1976,Nebraska,118.1,9.7879744,,0.182616,46.799999,6,0,0,0,0,0,0
597,1977,Nebraska,117.7,9.8011255,,0.1840957,48.099998,7,0,0,0,0,0,0
598,1978,Nebraska,117.4,9.8794575,,0.1855755,53.599998,8,0,0,0,0,0,0
599,1979,Nebraska,116.1,9.8471727,,0.1870553,55.400002,9,0,0,0,0,0,0
600,1980,Nebraska,116.3,9.7723808,,0.188535,59.5,10,0,0,0,0,0,0
601,1981,Nebraska,117,9.81427,,0.1835479,60.900002,11,0,0,0,0,0,0
602,1982,Nebraska,117.1,9.7994776,,0.1785609,69.699997,12,0,0,0,0,0,0
603,1983,Nebraska,110.8,9.8029881,,0.17357381,83.699997,13,0,0,0,0,0,0
604,1984,Nebraska,107.7,9.8535156,25.4,0.1685867,94.800003,14,0,0,0,0,0,0
605,1985,Nebraska,105.1,9.8755312,24.6,0.1635996,95.800003,15,0,0,0,0,0,0
606,1986,Nebraska,103.1,9.8968811,24.5,0.1586125,104,16,0,0,0,0,0,0
607,1987,Nebraska,101.3,9.8999863,24.799999,0.1536254,113.7,17,0,0,0,0,0,0
608,1988,Nebraska,92.900002,9.9353247,24.299999,0.14863829,123.3,18,0,0,0,0,0,0
609,1989,Nebraska,93.800003,9.9413671,24.1,0.1436512,139.3,19,0,0,1,0,0,0
610,1990,Nebraska,89.900002,9.9681711,25.200001,0.1386641,143.39999,20,0,0,1,1,0,0
611,1991,Nebraska,92.400002,9.9650812,24.6,,152.2,21,0,0,1,2,0,0
612,1992,Nebraska,90.599998,9.9983301,24.200001,,169.5,22,0,0,1,3,0,0
613,1993,Nebraska,91.099998,9.9964151,24.299999,,177.2,23,0,0,1,4,0,0
614,1994,Nebraska,85.900002,10.02996,24.700001,,169.60001,24,0,0,1,5,0,0
615,1995,Nebraska,88.5,10.03178,24.1,,170.7,25,0,0,1,6,0,0
616,1996,Nebraska,86.199997,10.07806,24.4,,175.5,26,0,0,1,7,0,0
617,1997,Nebraska,85.5,10.06976,24.4,,184.8,27,0,0,1,8,0,0
618,1998,Nebraska,83.099998,,,,194.60001,28,0,0,1,9,0,0
619,1999,Nebraska,86.599998,,,,214.60001,29,0,0,1,10,0,0
620,2000,Nebraska,77.599998,,,,288.29999,30,0,0,1,11,0,0
621,1970,Nevada,189.5,,,0.1615542,38.900002,0,0,0,0,0,0,0
622,1971,Nevada,190.5,,,0.1637738,44,1,0,0,0,0,0,0
623,1972,Nevada,198.60001,9.9442329,,0.1659933,40.599998,2,0,0,0,0,0,0
624,1973,Nevada,201.5,9.9806318,,0.16821291,40.299999,3,0,0,0,0,0,0
625,1974,Nevada,204.7,9.9286232,,0.17043249,41.900002,4,0,0,0,0,0,0
626,1975,Nevada,205.2,9.9154587,,0.1726521,44.5,5,0,0,0,0,0,0
627,1976,Nevada,201.39999,9.9552307,,0.1748717,44.900002,6,0,0,0,0,0,0
628,1977,Nevada,190.8,10.0006,,0.1770913,49.299999,7,0,0,0,0,0,0
629,1978,Nevada,187,10.06987,,0.1793108,54.299999,8,0,0,0,0,0,0
630,1979,Nevada,183.3,10.05607,,0.1815304,57.099998,9,0,0,0,0,0,0
631,1980,Nevada,177.7,10.03425,,0.18375,63.099998,10,0,0,0,0,0,0
632,1981,Nevada,171.89999,10.00596,,0.1785419,63.299999,11,0,0,0,0,0,0
633,1982,Nevada,165.10001,9.9568682,,0.1733339,71.599998,12,0,0,0,0,0,0
634,1983,Nevada,159.2,9.9637251,,0.16812579,81.900002,13,0,0,0,0,0,0
635,1984,Nevada,136.60001,9.9942179,35.099998,0.16291779,99.800003,14,0,0,0,0,0,0
636,1985,Nevada,146.7,10.02568,35.700001,0.1577097,109.3,15,0,0,0,0,0,0
637,1986,Nevada,142.60001,10.06373,37.200001,0.1525016,106.6,16,0,0,0,0,0,0
638,1987,Nevada,147.7,10.07728,37.700001,0.1472936,114,17,0,0,0,0,0,0
639,1988,Nevada,141.89999,10.09819,39.299999,0.14208549,129.60001,18,0,0,0,0,0,0
640,1989,Nevada,137.89999,10.12983,40.400002,0.13687751,145.60001,19,0,0,1,0,0,0
641,1990,Nevada,137.3,10.12119,40.200001,0.1316694,173.7,20,0,0,1,1,0,0
642,1991,Nevada,115.5,10.10557,37.700001,,186.3,21,0,0,1,2,0,0
643,1992,Nevada,110,10.1271,36.400002,,193.8,22,0,0,1,3,0,0
644,1993,Nevada,108.1,10.13713,35.099998,,196.8,23,0,0,1,4,0,0
645,1994,Nevada,105.2,10.16239,35.099998,,190.3,24,0,0,1,5,0,0
646,1995,Nevada,100.9,10.18081,34.299999,,190.39999,25,0,0,1,6,0,0
647,1996,Nevada,99,10.20678,35.200001,,195,26,0,0,1,7,0,0
648,1997,Nevada,95.599998,10.18646,34.400002,,198.5,27,0,0,1,8,0,0
649,1998,Nevada,102.4,,,,200.60001,28,0,0,1,9,0,0
650,1999,Nevada,103.9,,,,225.8,29,0,0,1,10,0,0
651,2000,Nevada,93.199997,,,,303.5,30,0,0,1,11,0,0
652,1970,New Hampshire,265.70001,,,0.17073169,31.4,0,0,0,0,0,0,0
653,1971,New Hampshire,278,,,0.1723339,34.099998,1,0,0,0,0,0,0
654,1972,New Hampshire,296.20001,9.7363758,,0.1739361,36.099998,2,0,0,0,0,0,0
655,1973,New Hampshire,279,9.7749453,,0.1755383,36.900002,3,0,0,0,0,0,0
656,1974,New Hampshire,269.79999,9.7473078,,0.1771404,37.900002,4,0,0,0,0,0,0
657,1975,New Hampshire,269.10001,9.7188511,,0.1787426,40.799999,5,0,0,0,0,0,0
658,1976,New Hampshire,290.5,9.7770433,,0.18034481,43.900002,6,0,0,0,0,0,0
659,1977,New Hampshire,278.79999,9.8067627,,0.18194699,45,7,0,0,0,0,0,0
660,1978,New Hampshire,269.60001,9.8531675,,0.1835492,49.700001,8,0,0,0,0,0,0
661,1979,New Hampshire,254.60001,9.8659334,,0.18515129,53.200001,9,0,0,0,0,0,0
662,1980,New Hampshire,247.8,9.8606939,,0.1867535,55.299999,10,0,0,0,0,0,0
663,1981,New Hampshire,245.39999,9.8670425,,0.18237481,58.400002,11,0,0,0,0,0,0
664,1982,New Hampshire,239.8,9.8762445,,0.1779961,67,12,0,0,0,0,0,0
665,1983,New Hampshire,232.89999,9.9404678,,0.1736175,74.699997,13,0,0,0,0,0,0
666,1984,New Hampshire,215.10001,10.00683,35.599998,0.16923881,90.5,14,0,0,0,0,0,0
667,1985,New Hampshire,201.10001,10.06133,35.700001,0.1648601,89.199997,15,0,0,0,0,0,0
668,1986,New Hampshire,195.89999,10.12613,34.700001,0.16048139,100,16,0,0,0,0,0,0
669,1987,New Hampshire,195.10001,10.14629,34.700001,0.1561027,102,17,0,0,0,0,0,0
670,1988,New Hampshire,180.39999,10.17227,34.099998,0.151724,113.5,18,0,0,0,0,0,0
671,1989,New Hampshire,172.89999,10.15991,33.299999,0.1473453,125.9,19,0,0,1,0,0,0
672,1990,New Hampshire,152.39999,10.12278,32.900002,0.1429666,135.89999,20,0,0,1,1,0,0
673,1991,New Hampshire,144.8,10.11431,32.900002,,153.89999,21,0,0,1,2,0,0
674,1992,New Hampshire,143.7,10.12097,32.200001,,164.39999,22,0,0,1,3,0,0
675,1993,New Hampshire,148.89999,10.11176,32.400002,,181.10001,23,0,0,1,4,0,0
676,1994,New Hampshire,153.8,10.15647,31,,157.8,24,0,0,1,5,0,0
677,1995,New Hampshire,158.5,10.21322,31,,163.89999,25,0,0,1,6,0,0
678,1996,New Hampshire,158,10.22895,31.1,,168.60001,26,0,0,1,7,0,0
679,1997,New Hampshire,174.39999,10.23085,31.299999,,176.60001,27,0,0,1,8,0,0
680,1998,New Hampshire,173.8,,,,197,28,0,0,1,9,0,0
681,1999,New Hampshire,171.7,,,,222.8,29,0,0,1,10,0,0
682,2000,New Hampshire,147.3,,,,313.89999,30,0,0,1,11,0,0
683,1970,New Mexico,90,,,0.1848574,39.700001,0,0,0,0,0,0,0
684,1971,New Mexico,92.599998,,,0.1860954,41.700001,1,0,0,0,0,0,0
685,1972,New Mexico,99.300003,9.5577898,,0.18733341,41.099998,2,0,0,0,0,0,0
686,1973,New Mexico,98.900002,9.5927162,,0.1885713,41.799999,3,0,0,0,0,0,0
687,1974,New Mexico,100.3,9.5847664,,0.18980929,43.700001,4,0,0,0,0,0,0
688,1975,New Mexico,103.1,9.5968885,,0.1910473,46.299999,5,0,0,0,0,0,0
689,1976,New Mexico,102.4,9.632618,,0.1922853,49.5,6,0,0,0,0,0,0
690,1977,New Mexico,102.4,9.6699677,,0.1935232,51.599998,7,0,0,0,0,0,0
691,1978,New Mexico,103.1,9.7172966,,0.1947612,56,8,0,0,0,0,0,0
692,1979,New Mexico,101,9.6999969,,0.19599921,57.599998,9,0,0,0,0,0,0
693,1980,New Mexico,102.7,9.6777515,,0.1972371,62.599998,10,0,0,0,0,0,0
694,1981,New Mexico,103,9.6808281,,0.1915056,63,11,0,0,0,0,0,0
695,1982,New Mexico,97.5,9.6785994,,0.1857741,69.400002,12,0,0,0,0,0,0
696,1983,New Mexico,96.300003,9.6864834,,0.18004251,79.599998,13,0,0,0,0,0,0
697,1984,New Mexico,88.900002,9.7078657,28.299999,0.174311,90.199997,14,0,0,0,0,0,0
698,1985,New Mexico,88,9.7347498,28.700001,0.1685795,97.5,15,0,0,0,0,0,0
699,1986,New Mexico,88.199997,9.7369003,27.9,0.162848,101.2,16,0,0,0,0,0,0
700,1987,New Mexico,82.300003,9.7291622,27.799999,0.1571164,110.2,17,0,0,0,0,0,0
701,1988,New Mexico,77.699997,9.743268,27.200001,0.1513849,113.7,18,0,0,0,0,0,0
702,1989,New Mexico,74.400002,9.7600632,27.9,0.1456534,127.2,19,0,0,1,0,0,0
703,1990,New Mexico,70.800003,9.765913,27.200001,0.1399218,133.60001,20,0,0,1,1,0,0
704,1991,New Mexico,69.900002,9.7680378,27.1,,146.89999,21,0,0,1,2,0,0
705,1992,New Mexico,71.400002,9.7842789,26.700001,,165.39999,22,0,0,1,3,0,0
706,1993,New Mexico,69,9.8062363,26.4,,172.2,23,0,0,1,4,0,0
707,1994,New Mexico,68.199997,9.8274717,25.4,,158.39999,24,0,0,1,5,0,0
708,1995,New Mexico,67,9.8719387,27.4,,163.5,25,0,0,1,6,0,0
709,1996,New Mexico,65.699997,9.8787642,27.200001,,170.8,26,0,0,1,7,0,0
710,1997,New Mexico,61.799999,9.8642597,27,,176,27,0,0,1,8,0,0
711,1998,New Mexico,62.599998,,,,183.8,28,0,0,1,9,0,0
712,1999,New Mexico,59.700001,,,,201.8,29,0,0,1,10,0,0
713,2000,New Mexico,53.799999,,,,279.79999,30,0,0,1,11,0,0
714,1970,North Carolina,172.39999,,,0.1935484,27.299999,0,0,0,0,0,0,0
715,1971,North Carolina,187.60001,,,0.1936767,29.4,1,0,0,0,0,0,0
716,1972,North Carolina,214.10001,9.5908585,,0.19380499,28.700001,2,0,0,0,0,0,0
717,1973,North Carolina,226.5,9.6449947,,0.1939334,28.9,3,0,0,0,0,0,0
718,1974,North Carolina,227.3,9.6212044,,0.1940617,30.1,4,0,0,0,0,0,0
719,1975,North Carolina,226,9.5906782,,0.19419,32.900002,5,0,0,0,0,0,0
720,1976,North Carolina,230.2,9.6371365,,0.1943184,35.799999,6,0,0,0,0,0,0
721,1977,North Carolina,217,9.6569748,,0.1944467,36.599998,7,0,0,0,0,0,0
722,1978,North Carolina,205.5,9.69771,,0.194575,41.799999,8,0,0,0,0,0,0
723,1979,North Carolina,197.3,9.6813517,,0.1947034,43.700001,9,0,0,0,0,0,0
724,1980,North Carolina,187.8,9.6566,,0.1948317,47.299999,10,0,0,0,0,0,0
725,1981,North Carolina,179.3,9.6617842,,0.1909665,50,11,0,0,0,0,0,0
726,1982,North Carolina,179,9.6492243,,0.18710139,55.5,12,0,0,0,0,0,0
727,1983,North Carolina,169.8,9.6938868,,0.1832362,66,13,0,0,0,0,0,0
728,1984,North Carolina,160.60001,9.753726,19.799999,0.1793711,75,14,0,0,0,0,0,0
729,1985,North Carolina,156.3,9.7817574,19.700001,0.175506,78.900002,15,0,0,0,0,0,0
730,1986,North Carolina,154.39999,9.8303633,20,0.1716408,83.699997,16,0,0,0,0,0,0
731,1987,North Carolina,150.5,9.8545933,20,0.16777571,90.599998,17,0,0,0,0,0,0
732,1988,North Carolina,146,9.8825531,20.1,0.16391049,96,18,0,0,0,0,0,0
733,1989,North Carolina,139.3,9.8892889,20.299999,0.1600454,107.6,19,0,0,1,0,0,0
734,1990,North Carolina,133.7,9.9033413,20.9,0.1561802,116.4,20,0,0,1,1,0,0
735,1991,North Carolina,132.7,9.8938532,20.200001,,126.6,21,0,0,1,2,0,0
736,1992,North Carolina,128.89999,9.9231043,20.700001,,145,22,0,0,1,3,0,0
737,1993,North Carolina,129.7,9.9406633,20.9,,153.5,23,0,0,1,4,0,0
738,1994,North Carolina,112.7,9.9669323,20.799999,,135.89999,24,0,0,1,5,0,0
739,1995,North Carolina,124.9,10.02181,20.5,,142.3,25,0,0,1,6,0,0
740,1996,North Carolina,129.7,10.04514,21.1,,145.60001,26,0,0,1,7,0,0
741,1997,North Carolina,125.6,10.05129,21.299999,,152,27,0,0,1,8,0,0
742,1998,North Carolina,126,,,,167.60001,28,0,0,1,9,0,0
743,1999,North Carolina,113.1,,,,186.8,29,0,0,1,10,0,0
744,2000,North Carolina,109,,,,257.29999,30,0,0,1,11,0,0
745,1970,North Dakota,93.800003,,,0.184466,37.299999,0,0,0,0,0,0,0
746,1971,North Dakota,98.5,,,0.186387,38.900002,1,0,0,0,0,0,0
747,1972,North Dakota,103.8,9.6972351,,0.1883079,38.900002,2,0,0,0,0,0,0
748,1973,North Dakota,108.7,9.984169,,0.1902288,39.400002,3,0,0,0,0,0,0
749,1974,North Dakota,110.5,9.8643074,,0.1921497,39.900002,4,0,0,0,0,0,0
750,1975,North Dakota,117.9,9.8067036,,0.1940707,42.599998,5,0,0,0,0,0,0
751,1976,North Dakota,125.4,9.7255096,,0.19599161,45.900002,6,0,0,0,0,0,0
752,1977,North Dakota,122.2,9.6932182,,0.1979125,47.400002,7,0,0,0,0,0,0
753,1978,North Dakota,121.9,9.8596678,,0.1998335,53.200001,8,0,0,0,0,0,0
754,1979,North Dakota,121.3,9.7826929,,0.20175441,55,9,0,0,0,0,0,0
755,1980,North Dakota,123.7,9.6105089,,0.2036753,59.599998,10,0,0,0,0,0,0
756,1981,North Dakota,125.7,9.7618484,,0.1979569,62,11,0,0,0,0,0,0
757,1982,North Dakota,126.8,9.7649136,,0.19223841,67.800003,12,0,0,0,0,0,0
758,1983,North Dakota,119.6,9.7920113,,0.18651991,77.900002,13,0,0,0,0,0,0
759,1984,North Dakota,109.4,9.7956266,24,0.18080141,94.400002,14,0,0,0,0,0,0
760,1985,North Dakota,103.2,9.7935133,23.1,0.175083,100.6,15,0,0,0,0,0,0
761,1986,North Dakota,99.800003,9.8046122,23,0.1693645,104.2,16,0,0,0,0,0,0
762,1987,North Dakota,92.300003,9.7899351,23.299999,0.163646,110.3,17,0,0,0,0,0,0
763,1988,North Dakota,87.099998,9.6920958,24.1,0.1579275,123.3,18,0,0,0,0,0,0
764,1989,North Dakota,84.099998,9.786231,24.5,0.1522091,135.89999,19,0,0,1,0,0,0
765,1990,North Dakota,77.099998,9.8413601,26.6,0.1464906,144.3,20,0,0,1,1,0,0
766,1991,North Dakota,85.199997,9.8193769,26.1,,159.8,21,0,0,1,2,0,0
767,1992,North Dakota,74.300003,9.8829813,25.4,,168.3,22,0,0,1,3,0,0
768,1993,North Dakota,83,9.8531046,25.6,,177.60001,23,0,0,1,4,0,0
769,1994,North Dakota,81,9.9164858,25.799999,,180.10001,24,0,0,1,5,0,0
770,1995,North Dakota,80.599998,9.8840332,25.5,,179.5,25,0,0,1,6,0,0
771,1996,North Dakota,80.800003,9.9606361,26.6,,182.7,26,0,0,1,7,0,0
772,1997,North Dakota,77.5,9.9085445,26.4,,194.10001,27,0,0,1,8,0,0
773,1998,North Dakota,79.099998,,,,205.2,28,0,0,1,9,0,0
774,1999,North Dakota,74.699997,,,,223.60001,29,0,0,1,10,0,0
775,2000,North Dakota,72.5,,,,297.5,30,0,0,1,11,0,0
776,1970,Ohio,121.6,,,0.1732195,36.599998,0,0,0,0,0,0,0
777,1971,Ohio,124.6,,,0.17453989,38.099998,1,0,0,0,0,0,0
778,1972,Ohio,124.4,9.7795792,,0.1758603,38.400002,2,0,0,0,0,0,0
779,1973,Ohio,120.5,9.8266315,,0.17718069,42,3,0,0,0,0,0,0
780,1974,Ohio,122.1,9.8118534,,0.1785011,42.900002,4,0,0,0,0,0,0
781,1975,Ohio,122.5,9.7832298,,0.1798214,46,5,0,0,0,0,0,0
782,1976,Ohio,124.6,9.8318577,,0.18114179,48.5,6,0,0,0,0,0,0
783,1977,Ohio,127.3,9.8724022,,0.1824622,49.799999,7,0,0,0,0,0,0
784,1978,Ohio,131.3,9.8993502,,0.18378261,53.900002,8,0,0,0,0,0,0
785,1979,Ohio,130.89999,9.8915901,,0.185103,56.299999,9,0,0,0,0,0,0
786,1980,Ohio,133.5,9.8509111,,0.18642341,58.700001,10,0,0,0,0,0,0
787,1981,Ohio,132.8,9.8355169,,0.1822796,61.400002,11,0,0,0,0,0,0
788,1982,Ohio,134,9.8154449,,0.1781359,68.300003,12,0,0,0,0,0,0
789,1983,Ohio,130,9.8364983,,0.1739921,82.5,13,0,0,0,0,0,0
790,1984,Ohio,127.1,9.8840942,24.9,0.16984829,89.199997,14,0,0,0,0,0,0
791,1985,Ohio,126.7,9.9044762,24.200001,0.1657045,92.199997,15,0,0,0,0,0,0
792,1986,Ohio,126.3,9.9381123,23.4,0.1615607,98.099998,16,0,0,0,0,0,0
793,1987,Ohio,124.6,9.9430628,23.9,0.157417,102.2,17,0,0,0,0,0,0
794,1988,Ohio,122.4,9.9685946,23.700001,0.1532732,108.4,18,0,0,0,0,0,0
795,1989,Ohio,118.6,9.9778709,23.9,0.14912941,120.5,19,0,0,1,0,0,0
796,1990,Ohio,115.5,9.977726,23.9,0.1449856,135.39999,20,0,0,1,1,0,0
797,1991,Ohio,113.2,9.9623299,23.6,,139.8,21,0,0,1,2,0,0
798,1992,Ohio,112.3,9.9826889,23,,159.60001,22,0,0,1,3,0,0
799,1993,Ohio,108.9,9.9897213,23,,162.5,23,0,0,1,4,0,0
800,1994,Ohio,108.6,10.03149,23,,151.2,24,0,0,1,5,0,0
801,1995,Ohio,111.7,10.08051,22.799999,,155.60001,25,0,0,1,6,0,0
802,1996,Ohio,107.6,10.09726,23.299999,,159.7,26,0,0,1,7,0,0
803,1997,Ohio,108.6,10.09318,23,,166.8,27,0,0,1,8,0,0
804,1998,Ohio,106.4,,,,172.89999,28,0,0,1,9,0,0
805,1999,Ohio,104,,,,193.2,29,0,0,1,10,0,0
806,2000,Ohio,99.900002,,,,265.39999,30,0,0,1,11,0,0
807,1970,Oklahoma,108.4,,,0.17545921,38.400002,0,0,0,0,0,0,0
808,1971,Oklahoma,115.4,,,0.1765248,39.799999,1,0,0,0,0,0,0
809,1972,Oklahoma,121.7,9.6250267,,0.1775905,39.799999,2,0,0,0,0,0,0
810,1973,Oklahoma,124.1,9.6824188,,0.1786561,40.400002,3,0,0,0,0,0,0
811,1974,Oklahoma,130.5,9.6751032,,0.1797218,41,4,0,0,0,0,0,0
812,1975,Oklahoma,132.89999,9.6826162,,0.1807874,43.599998,5,0,0,0,0,0,0
813,1976,Oklahoma,138.60001,9.7122602,,0.1818531,46.400002,6,0,0,0,0,0,0
814,1977,Oklahoma,140.39999,9.7403669,,0.1829187,47.900002,7,0,0,0,0,0,0
815,1978,Oklahoma,143.60001,9.782526,,0.1839844,53.099998,8,0,0,0,0,0,0
816,1979,Oklahoma,141.60001,9.8096666,,0.18505,55.5,9,0,0,0,0,0,0
817,1980,Oklahoma,141.60001,9.8114376,,0.1861157,62.900002,10,0,0,0,0,0,0
818,1981,Oklahoma,143.7,9.8449898,,0.1817683,65.800003,11,0,0,0,0,0,0
819,1982,Oklahoma,147,9.8531399,,0.17742079,71.699997,12,0,0,0,0,0,0
820,1983,Oklahoma,140,9.8048458,,0.1730734,83.900002,13,0,0,0,0,0,0
821,1984,Oklahoma,128.10001,9.813323,17.799999,0.16872589,93.300003,14,0,0,0,0,0,0
822,1985,Oklahoma,124.2,9.8161297,18.1,0.16437849,95.099998,15,0,0,0,0,0,0
823,1986,Oklahoma,119.9,9.8019218,18.299999,0.1600311,104.6,16,0,0,0,0,0,0
824,1987,Oklahoma,113.1,9.7798052,18.200001,0.15568361,114.4,17,0,0,0,0,0,0
825,1988,Oklahoma,103.6,9.8014698,18.299999,0.15133619,122.6,18,0,0,0,0,0,0
826,1989,Oklahoma,97.5,9.8182058,18.4,0.1469887,133.39999,19,0,0,1,0,0,0
827,1990,Oklahoma,88.400002,9.828145,19.700001,0.14264131,146.10001,20,0,0,1,1,0,0
828,1991,Oklahoma,87.800003,9.8226833,19.700001,,149.10001,21,0,0,1,2,0,0
829,1992,Oklahoma,86.300003,9.8441906,19.9,,170.60001,22,0,0,1,3,0,0
830,1993,Oklahoma,86.199997,9.8481712,20,,182.39999,23,0,0,1,4,0,0
831,1994,Oklahoma,104.8,9.861187,20.4,,163.39999,24,0,0,1,5,0,0
832,1995,Oklahoma,109.5,9.8983765,20,,161.10001,25,0,0,1,6,0,0
833,1996,Oklahoma,110.8,9.9188061,19.9,,162.7,26,0,0,1,7,0,0
834,1997,Oklahoma,111.8,9.9199924,20.1,,172,27,0,0,1,8,0,0
835,1998,Oklahoma,112.2,,,,183.60001,28,0,0,1,9,0,0
836,1999,Oklahoma,111.4,,,,203.39999,29,0,0,1,10,0,0
837,2000,Oklahoma,108.9,,,,272.60001,30,0,0,1,11,0,0
838,1970,Pennsylvania,107.3,,,0.163376,38.400002,0,0,0,0,0,0,0
839,1971,Pennsylvania,106.3,,,0.1650846,44.700001,1,0,0,0,0,0,0
840,1972,Pennsylvania,109,9.7842741,,0.1667932,44.700001,2,0,0,0,0,0,0
841,1973,Pennsylvania,110.7,9.8210878,,0.16850179,44.900002,3,0,0,0,0,0,0
842,1974,Pennsylvania,114.2,9.8142262,,0.1702103,46.599998,4,0,0,0,0,0,0
843,1975,Pennsylvania,114.6,9.8045158,,0.1719189,49.799999,5,0,0,0,0,0,0
844,1976,Pennsylvania,118.8,9.8433104,,0.1736275,52.299999,6,0,0,0,0,0,0
845,1977,Pennsylvania,120.1,9.8733702,,0.17533609,53.299999,7,0,0,0,0,0,0
846,1978,Pennsylvania,122.3,9.902813,,0.1770447,57.400002,8,0,0,0,0,0,0
847,1979,Pennsylvania,122.6,9.899785,,0.1787533,60.599998,9,0,0,0,0,0,0
848,1980,Pennsylvania,124,9.869998,,0.1804619,61.299999,10,0,0,0,0,0,0
849,1981,Pennsylvania,125.2,9.8664436,,0.1764556,64.800003,11,0,0,0,0,0,0
850,1982,Pennsylvania,123.3,9.8627663,,0.17244931,69.800003,12,0,0,0,0,0,0
851,1983,Pennsylvania,125.3,9.8769064,,0.16844299,81.699997,13,0,0,0,0,0,0
852,1984,Pennsylvania,115.3,9.9113054,24.9,0.1644367,97.699997,14,0,0,0,0,0,0
853,1985,Pennsylvania,115.8,9.9447384,24.9,0.1604304,100.1,15,0,0,0,0,0,0
854,1986,Pennsylvania,113.9,9.9871082,25.200001,0.15642411,104.9,16,0,0,0,0,0,0
855,1987,Pennsylvania,110.6,10.00093,25.1,0.1524177,110,17,0,0,0,0,0,0
856,1988,Pennsylvania,107.6,10.02141,25.299999,0.14841139,112.3,18,0,0,0,0,0,0
857,1989,Pennsylvania,107.1,10.04745,24.6,0.1444051,122.8,19,0,0,1,0,0,0
858,1990,Pennsylvania,101.3,10.05147,25.799999,0.1403988,133.7,20,0,0,1,1,0,0
859,1991,Pennsylvania,102.5,10.04936,24.6,,144.10001,21,0,0,1,2,0,0
860,1992,Pennsylvania,96.199997,10.06763,23.5,,176.2,22,0,0,1,3,0,0
861,1993,Pennsylvania,94.699997,10.06874,23.700001,,183.8,23,0,0,1,4,0,0
862,1994,Pennsylvania,95.400002,10.09234,23.4,,158.10001,24,0,0,1,5,0,0
863,1995,Pennsylvania,95.400002,10.13072,22.4,,161.7,25,0,0,1,6,0,0
864,1996,Pennsylvania,93.300003,10.15595,22.4,,169.39999,26,0,0,1,7,0,0
865,1997,Pennsylvania,92.900002,10.15234,22.1,,176.5,27,0,0,1,8,0,0
866,1998,Pennsylvania,92.099998,,,,190.89999,28,0,0,1,9,0,0
867,1999,Pennsylvania,91.099998,,,,205,29,0,0,1,10,0,0
868,2000,Pennsylvania,87.900002,,,,280.10001,30,0,0,1,11,0,0
869,1970,Rhode Island,123.9,,,0.18315791,39.299999,0,0,0,0,0,0,0
870,1971,Rhode Island,123.2,,,0.1838495,40.200001,1,0,0,0,0,0,0
871,1972,Rhode Island,134.39999,9.7702112,,0.18454111,41.599998,2,0,0,0,0,0,0
872,1973,Rhode Island,142,9.7852039,,0.1852327,40.599998,3,0,0,0,0,0,0
873,1974,Rhode Island,146.10001,9.7659454,,0.18592431,41.299999,4,0,0,0,0,0,0
874,1975,Rhode Island,154.7,9.7571259,,0.1866159,44.299999,5,0,0,0,0,0,0
875,1976,Rhode Island,150.2,9.795517,,0.18730751,52.200001,6,0,0,0,0,0,0
876,1977,Rhode Island,148.8,9.8197079,,0.1879991,52.299999,7,0,0,0,0,0,0
877,1978,Rhode Island,146.8,9.8429708,,0.18869071,56.299999,8,0,0,0,0,0,0
878,1979,Rhode Island,145.8,9.8439465,,0.1893823,58.700001,9,0,0,0,0,0,0
879,1980,Rhode Island,149.3,9.8353987,,0.19007391,60,10,0,0,0,0,0,0
880,1981,Rhode Island,151.2,9.8362837,,0.1864105,64.5,11,0,0,0,0,0,0
881,1982,Rhode Island,146.3,9.8429747,,0.18274701,71.599998,12,0,0,0,0,0,0
882,1983,Rhode Island,135.8,9.8823481,,0.1790835,84,13,0,0,0,0,0,0
883,1984,Rhode Island,136.89999,9.931385,25.1,0.17542,94.800003,14,0,0,0,0,0,0
884,1985,Rhode Island,133.39999,9.9552393,25.700001,0.1717566,100.3,15,0,0,0,0,0,0
885,1986,Rhode Island,136.3,10.00257,26,0.1680931,101.8,16,0,0,0,0,0,0
886,1987,Rhode Island,124.4,10.02757,25.6,0.16442961,113.5,17,0,0,0,0,0,0
887,1988,Rhode Island,138,10.0653,25.299999,0.1607662,121.5,18,0,0,0,0,0,0
888,1989,Rhode Island,120.8,10.08002,24.799999,0.1571027,134.8,19,0,0,1,0,0,0
889,1990,Rhode Island,101.4,10.05992,24,0.15343919,150.89999,20,0,0,1,1,0,0
890,1991,Rhode Island,103.6,10.03951,24.299999,,170.3,21,0,0,1,2,0,0
891,1992,Rhode Island,100.1,10.0497,22.799999,,190,22,0,0,1,3,0,0
892,1993,Rhode Island,94.099998,10.06695,22.299999,,197.89999,23,0,0,1,4,0,0
893,1994,Rhode Island,91.900002,10.08022,22.6,,168.89999,24,0,0,1,5,0,0
894,1995,Rhode Island,90.800003,10.13503,22.200001,,209.60001,25,0,0,1,6,0,0
895,1996,Rhode Island,87.5,10.14552,21.700001,,214.89999,26,0,0,1,7,0,0
896,1997,Rhode Island,90,10.15322,22.9,,217,27,0,0,1,8,0,0
897,1998,Rhode Island,88.699997,,,,232.2,28,0,0,1,9,0,0
898,1999,Rhode Island,86.900002,,,,251.7,29,0,0,1,10,0,0
899,2000,Rhode Island,83.099998,,,,322.89999,30,0,0,1,11,0,0
900,1970,South Carolina,103.6,,,0.2003088,32.5,0,0,0,0,0,0,0
901,1971,South Carolina,115,,,0.2004893,34.299999,1,0,0,0,0,0,0
902,1972,South Carolina,118.7,9.5093088,,0.2006698,34.099998,2,0,0,0,0,0,0
903,1973,South Carolina,125.5,9.5639935,,0.20085029,33.5,3,0,0,0,0,0,0
904,1974,South Carolina,129.7,9.5587463,,0.2010309,35.200001,4,0,0,0,0,0,0
905,1975,South Carolina,130.5,9.527854,,0.20121139,38.099998,5,0,0,0,0,0,0
906,1976,South Carolina,136.8,9.574728,,0.20139191,41,6,0,0,0,0,0,0
907,1977,South Carolina,137.2,9.5897017,,0.2015724,42.200001,7,0,0,0,0,0,0
908,1978,South Carolina,140.39999,9.6268749,,0.20175301,49.200001,8,0,0,0,0,0,0
909,1979,South Carolina,135.7,9.623209,,0.2019335,50.200001,9,0,0,0,0,0,0
910,1980,South Carolina,138.3,9.6011858,,0.202114,52.299999,10,0,0,0,0,0,0
911,1981,South Carolina,136.10001,9.6005611,,0.197689,54.700001,11,0,0,0,0,0,0
912,1982,South Carolina,136,9.5837898,,0.19326399,61.900002,12,0,0,0,0,0,0
913,1983,South Carolina,131.10001,9.6259909,,0.1888389,72.400002,13,0,0,0,0,0,0
914,1984,South Carolina,127,9.6750488,22,0.1844139,81.300003,14,0,0,0,0,0,0
915,1985,South Carolina,125.4,9.6976843,22.1,0.17998891,83,15,0,0,0,0,0,0
916,1986,South Carolina,126.6,9.7297287,22.9,0.1755639,88.699997,16,0,0,0,0,0,0
917,1987,South Carolina,126.6,9.7545767,23.5,0.17113879,95.300003,17,0,0,0,0,0,0
918,1988,South Carolina,124.4,9.7925787,24,0.1667138,99.900002,18,0,0,0,0,0,0
919,1989,South Carolina,122.4,9.7964678,24,0.1622888,111.9,19,0,0,1,0,0,0
920,1990,South Carolina,118.6,9.8276386,25.6,0.1578638,125.2,20,0,0,1,1,0,0
921,1991,South Carolina,121.5,9.8106251,23.799999,,129,21,0,0,1,2,0,0
922,1992,South Carolina,112.8,9.8254433,23.799999,,151.89999,22,0,0,1,3,0,0
923,1993,South Carolina,115.2,9.834693,24.200001,,164.5,23,0,0,1,4,0,0
924,1994,South Carolina,112.2,9.8676138,24.700001,,139.10001,24,0,0,1,5,0,0
925,1995,South Carolina,109.2,9.909873,24.9,,140,25,0,0,1,6,0,0
926,1996,South Carolina,102.9,9.9266539,25.4,,149.5,26,0,0,1,7,0,0
927,1997,South Carolina,124.5,9.9360113,25.6,,153.89999,27,0,0,1,8,0,0
928,1998,South Carolina,126.9,,,,165.3,28,0,0,1,9,0,0
929,1999,South Carolina,109.4,,,,179.60001,29,0,0,1,10,0,0
930,2000,South Carolina,103.9,,,,255.3,30,0,0,1,11,0,0
931,1970,South Dakota,92.699997,,,0.17867871,38.5,0,0,0,0,0,0,0
932,1971,South Dakota,96.699997,,,0.1804924,38.5,1,0,0,0,0,0,0
933,1972,South Dakota,103,9.6308489,,0.1823062,39.099998,2,0,0,0,0,0,0
934,1973,South Dakota,103.5,9.8087807,,0.1841199,39.599998,3,0,0,0,0,0,0
935,1974,South Dakota,108.4,9.6978235,,0.18593369,40.400002,4,0,0,0,0,0,0
936,1975,South Dakota,113.5,9.6944618,,0.1877474,42.799999,5,0,0,0,0,0,0
937,1976,South Dakota,116.7,9.6236677,,0.1895612,45,6,0,0,0,0,0,0
938,1977,South Dakota,115.6,9.6784782,,0.1913749,46.400002,7,0,0,0,0,0,0
939,1978,South Dakota,116.9,9.7567081,,0.1931887,53.200001,8,0,0,0,0,0,0
940,1979,South Dakota,117.4,9.752883,,0.1950025,54.099998,9,0,0,0,0,0,0
941,1980,South Dakota,114.7,9.6161861,,0.19681621,58.799999,10,0,0,0,0,0,0
942,1981,South Dakota,115.7,9.6657171,,0.1910096,62.299999,11,0,0,0,0,0,0
943,1982,South Dakota,113,9.6491127,,0.185203,68,12,0,0,0,0,0,0
944,1983,South Dakota,109.8,9.655467,,0.1793965,78.800003,13,0,0,0,0,0,0
945,1984,South Dakota,105.7,9.7210913,21.700001,0.1735899,89.800003,14,0,0,0,0,0,0
946,1985,South Dakota,104.4,9.719058,20.9,0.16778331,92.300003,15,0,0,0,0,0,0
947,1986,South Dakota,97,9.7537327,21.200001,0.1619767,108.5,16,0,0,0,0,0,0
948,1987,South Dakota,95.800003,9.7795067,21.5,0.1561701,113.7,17,0,0,0,0,0,0
949,1988,South Dakota,91.900002,9.7653551,21,0.1503635,124.7,18,0,0,0,0,0,0
950,1989,South Dakota,87.400002,9.8142815,21.6,0.14455689,130.10001,19,0,0,1,0,0,0
951,1990,South Dakota,88.300003,9.8617363,23.4,0.1387504,138.89999,20,0,0,1,1,0,0
952,1991,South Dakota,91.800003,9.8698616,23.5,,150.3,21,0,0,1,2,0,0
953,1992,South Dakota,93,9.8960752,23.6,,163,22,0,0,1,3,0,0
954,1993,South Dakota,91.599998,9.9023857,23.5,,180.3,23,0,0,1,4,0,0
955,1994,South Dakota,94.800003,9.9720716,24.299999,,154.39999,24,0,0,1,5,0,0
956,1995,South Dakota,98.599998,9.924325,23.700001,,162.10001,25,0,0,1,6,0,0
957,1996,South Dakota,92.300003,9.9879084,24.299999,,171.2,26,0,0,1,7,0,0
958,1997,South Dakota,88.800003,9.9555626,24.1,,181.7,27,0,0,1,8,0,0
959,1998,South Dakota,88.300003,,,,192.8,28,0,0,1,9,0,0
960,1999,South Dakota,83.5,,,,207.89999,29,0,0,1,10,0,0
961,2000,South Dakota,75.099998,,,,272.89999,30,0,0,1,11,0,0
962,1970,Tennessee,99.800003,,,0.1780438,39.900002,0,0,0,0,0,0,0
963,1971,Tennessee,106.3,,,0.1788193,41.599998,1,0,0,0,0,0,0
964,1972,Tennessee,111.5,9.5697165,,0.1795947,41.599998,2,0,0,0,0,0,0
965,1973,Tennessee,109.7,9.6309748,,0.1803702,40.799999,3,0,0,0,0,0,0
966,1974,Tennessee,114.8,9.6094961,,0.18114559,42.5,4,0,0,0,0,0,0
967,1975,Tennessee,117.4,9.5845461,,0.18192109,45.299999,5,0,0,0,0,0,0
968,1976,Tennessee,121.7,9.6320295,,0.18269651,48.299999,6,0,0,0,0,0,0
969,1977,Tennessee,124.6,9.6559906,,0.1834719,49.599998,7,0,0,0,0,0,0
970,1978,Tennessee,127.3,9.7006721,,0.1842474,54.799999,8,0,0,0,0,0,0
971,1979,Tennessee,127.2,9.6905422,,0.18502291,57.299999,9,0,0,0,0,0,0
972,1980,Tennessee,130.39999,9.6576977,,0.1857983,60.299999,10,0,0,0,0,0,0
973,1981,Tennessee,129.10001,9.6552153,,0.1821052,63.700001,11,0,0,0,0,0,0
974,1982,Tennessee,131.39999,9.6426888,,0.1784122,68.300003,12,0,0,0,0,0,0
975,1983,Tennessee,129,9.6723413,,0.1747191,79.099998,13,0,0,0,0,0,0
976,1984,Tennessee,125.1,9.7292414,19.700001,0.17102601,88.300003,14,0,0,0,0,0,0
977,1985,Tennessee,128.7,9.7570047,19.799999,0.1673329,92.5,15,0,0,0,0,0,0
978,1986,Tennessee,129,9.8143263,20.9,0.1636398,98.800003,16,0,0,0,0,0,0
979,1987,Tennessee,130.60001,9.8423405,21,0.1599468,103.5,17,0,0,0,0,0,0
980,1988,Tennessee,125.3,9.8646994,21.5,0.1562537,112.1,18,0,0,0,0,0,0
981,1989,Tennessee,124.7,9.8788528,21.1,0.15256061,121.5,19,0,0,1,0,0,0
982,1990,Tennessee,121.8,9.8795033,21.9,0.1488675,135,20,0,0,1,1,0,0
983,1991,Tennessee,120.6,9.8746862,21.4,,137.39999,21,0,0,1,2,0,0
984,1992,Tennessee,121,9.9114437,21.700001,,163.89999,22,0,0,1,3,0,0
985,1993,Tennessee,120.8,9.925889,21.6,,170.2,23,0,0,1,4,0,0
986,1994,Tennessee,118.8,9.9606895,21.5,,150.3,24,0,0,1,5,0,0
987,1995,Tennessee,125.4,10.02626,21.4,,153,25,0,0,1,6,0,0
988,1996,Tennessee,119.2,10.0345,21.5,,155.89999,26,0,0,1,7,0,0
989,1997,Tennessee,118.9,10.03078,21.299999,,161.10001,27,0,0,1,8,0,0
990,1998,Tennessee,119.7,,,,167.7,28,0,0,1,9,0,0
991,1999,Tennessee,115.6,,,,189.5,29,0,0,1,10,0,0
992,2000,Tennessee,108.7,,,,261.20001,30,0,0,1,11,0,0
993,1970,Texas,106.4,,,0.1831414,40.400002,0,0,0,0,0,0,0
994,1971,Texas,108.9,,,0.1843086,42,1,0,0,0,0,0,0
995,1972,Texas,108.6,9.675209,,0.1854758,46.900002,2,0,0,0,0,0,0
996,1973,Texas,110.4,9.7254438,,0.186643,46.400002,3,0,0,0,0,0,0
997,1974,Texas,114.7,9.7229862,,0.1878102,47.5,4,0,0,0,0,0,0
998,1975,Texas,116,9.7346134,,0.18897741,50.599998,5,0,0,0,0,0,0
999,1976,Texas,121.4,9.7809973,,0.1901446,53.299999,6,0,0,0,0,0,0
1000,1977,Texas,124.2,9.8127384,,0.19131181,53.299999,7,0,0,0,0,0,0
1001,1978,Texas,126.6,9.8638067,,0.192479,59.099998,8,0,0,0,0,0,0
1002,1979,Texas,126.4,9.8775606,,0.19364619,62.200001,9,0,0,0,0,0,0
1003,1980,Texas,129.7,9.8685799,,0.1948134,63.700001,10,0,0,0,0,0,0
1004,1981,Texas,129,9.8981886,,0.1905501,66.900002,11,0,0,0,0,0,0
1005,1982,Texas,131.2,9.8872089,,0.1862867,73.800003,12,0,0,0,0,0,0
1006,1983,Texas,126.4,9.8802118,,0.18202341,84.099998,13,0,0,0,0,0,0
1007,1984,Texas,117.2,9.9096031,29.799999,0.17776,93.800003,14,0,0,0,0,0,0
1008,1985,Texas,115.9,9.9280357,29.1,0.17349669,102.1,15,0,0,0,0,0,0
1009,1986,Texas,113.7,9.8984003,29,0.16923331,105.5,16,0,0,0,0,0,0
1010,1987,Texas,105.8,9.8891201,27.5,0.16497,114.4,17,0,0,0,0,0,0
1011,1988,Texas,96.5,9.9052229,27.5,0.16070659,128,18,0,0,0,0,0,0
1012,1989,Texas,94.5,9.9191084,27.6,0.1564433,137,19,0,0,1,0,0,0
1013,1990,Texas,85.599998,9.9306412,29,0.1521799,145.7,20,0,0,1,1,0,0
1014,1991,Texas,79.400002,9.9306669,27.700001,,173.60001,21,0,0,1,2,0,0
1015,1992,Texas,77.199997,9.9572639,28.5,,186,22,0,0,1,3,0,0
1016,1993,Texas,81.300003,9.9642467,28.1,,204.60001,23,0,0,1,4,0,0
1017,1994,Texas,78.800003,9.9740763,28.299999,,177.7,24,0,0,1,5,0,0
1018,1995,Texas,75.199997,10.03184,27.1,,185,25,0,0,1,6,0,0
1019,1996,Texas,74.599998,10.05282,27.1,,188.39999,26,0,0,1,7,0,0
1020,1997,Texas,72.599998,10.0708,27,,189.8,27,0,0,1,8,0,0
1021,1998,Texas,73.199997,,,,201.8,28,0,0,1,9,0,0
1022,1999,Texas,67.599998,,,,225,29,0,0,1,10,0,0
1023,2000,Texas,69.300003,,,,292.29999,30,0,0,1,11,0,0
1024,1970,Utah,65.5,,,0.2020774,34.599998,0,0,0,0,0,0,0
1025,1971,Utah,67.699997,,,0.2020613,36.599998,1,0,0,0,0,0,0
1026,1972,Utah,71.300003,9.6011219,,0.2020452,37.200001,2,0,0,0,0,0,0
1027,1973,Utah,72.699997,9.626667,,0.2020292,36.5,3,0,0,0,0,0,0
1028,1974,Utah,75.599998,9.6121693,,0.20201311,37.799999,4,0,0,0,0,0,0
1029,1975,Utah,75.800003,9.6010208,,0.201997,40.5,5,0,0,0,0,0,0
1030,1976,Utah,77.900002,9.6451597,,0.2019809,43.400002,6,0,0,0,0,0,0
1031,1977,Utah,78,9.6734715,,0.2019648,44.700001,7,0,0,0,0,0,0
1032,1978,Utah,79.599998,9.7081699,,0.2019487,49.5,8,0,0,0,0,0,0
1033,1979,Utah,79.099998,9.6941032,,0.20193259,53.700001,9,0,0,0,0,0,0
1034,1980,Utah,74.800003,9.654541,,0.2019165,57.200001,10,0,0,0,0,0,0
1035,1981,Utah,77.599998,9.6400614,,0.198395,62.700001,11,0,0,0,0,0,0
1036,1982,Utah,73.599998,9.6280756,,0.1948735,68.099998,12,0,0,0,0,0,0
1037,1983,Utah,69,9.6433077,,0.19135199,82,13,0,0,0,0,0,0
1038,1984,Utah,66.300003,9.6788979,13.4,0.18783049,95.300003,14,0,0,0,0,0,0
1039,1985,Utah,66.5,9.6977673,13.8,0.18430901,104.6,15,0,0,0,0,0,0
1040,1986,Utah,64.400002,9.7155733,13.7,0.1807875,103.5,16,0,0,0,0,0,0
1041,1987,Utah,67.699997,9.7198858,13,0.177266,108.6,17,0,0,0,0,0,0
1042,1988,Utah,55,9.7291555,12.8,0.1737445,122.9,18,0,0,0,0,0,0
1043,1989,Utah,57,9.7460203,12.7,0.170223,135.60001,19,0,0,1,0,0,0
1044,1990,Utah,53.400002,9.7551594,12.7,0.1667015,151.89999,20,0,0,1,1,0,0
1045,1991,Utah,53.5,9.7621841,13.2,,167.10001,21,0,0,1,2,0,0
1046,1992,Utah,55,9.7833872,13,,170.10001,22,0,0,1,3,0,0
1047,1993,Utah,56.200001,9.7937174,21.9,,180.10001,23,0,0,1,4,0,0
1048,1994,Utah,55.799999,9.8366289,12.9,,160.39999,24,0,0,1,5,0,0
1049,1995,Utah,52,9.872345,12.8,,168.8,25,0,0,1,6,0,0
1050,1996,Utah,54,9.9047661,13.2,,174.89999,26,0,0,1,7,0,0
1051,1997,Utah,57,9.9155798,13,,186.2,27,0,0,1,8,0,0
1052,1998,Utah,42.299999,,,,222.7,28,0,0,1,9,0,0
1053,1999,Utah,43.900002,,,,243.7,29,0,0,1,10,0,0
1054,2000,Utah,40.700001,,,,312.89999,30,0,0,1,11,0,0
1055,1970,Vermont,122.6,,,0.1797753,37.700001,0,0,0,0,0,0,0
1056,1971,Vermont,124.4,,,0.1813672,39.5,1,0,0,0,0,0,0
1057,1972,Vermont,138,9.673069,,0.1829592,40,2,0,0,0,0,0,0
1058,1973,Vermont,146.8,9.6991587,,0.1845511,39.799999,3,0,0,0,0,0,0
1059,1974,Vermont,151.8,9.6617918,,0.1861431,41.299999,4,0,0,0,0,0,0
1060,1975,Vermont,155.5,9.6371241,,0.18773501,41.799999,5,0,0,0,0,0,0
1061,1976,Vermont,171.10001,9.6807137,,0.1893269,47.099998,6,0,0,0,0,0,0
1062,1977,Vermont,169.39999,9.6877613,,0.19091889,47,7,0,0,0,0,0,0
1063,1978,Vermont,162.39999,9.7469778,,0.1925108,52.5,8,0,0,0,0,0,0
1064,1979,Vermont,160.89999,9.747611,,0.19410279,54.799999,9,0,0,0,0,0,0
1065,1980,Vermont,161.60001,9.7229652,,0.1956947,58.900002,10,0,0,0,0,0,0
1066,1981,Vermont,163.8,9.7274399,,0.1911066,61,11,0,0,0,0,0,0
1067,1982,Vermont,162.3,9.7234392,,0.18651851,66.800003,12,0,0,0,0,0,0
1068,1983,Vermont,153.8,9.759017,,0.1819305,77,13,0,0,0,0,0,0
1069,1984,Vermont,144.3,9.8052397,26.299999,0.1773424,90.599998,14,0,0,0,0,0,0
1070,1985,Vermont,144.5,9.8485041,26.6,0.1727543,95.5,15,0,0,0,0,0,0
1071,1986,Vermont,131.2,9.9077749,27.6,0.16816621,104.9,16,0,0,0,0,0,0
1072,1987,Vermont,128.3,9.935688,27.799999,0.16357809,113.8,17,0,0,0,0,0,0
1073,1988,Vermont,128.7,9.9602709,27,0.15899,123.7,18,0,0,0,0,0,0
1074,1989,Vermont,120.9,9.9920559,26,0.1544019,129.7,19,0,0,1,0,0,0
1075,1990,Vermont,124.3,9.9729328,26.1,0.1498138,143.7,20,0,0,1,1,0,0
1076,1991,Vermont,120.9,9.9512835,25,,150.10001,21,0,0,1,2,0,0
1077,1992,Vermont,126.5,9.9767723,23.9,,168,22,0,0,1,3,0,0
1078,1993,Vermont,117.2,9.9796867,23.700001,,173.8,23,0,0,1,4,0,0
1079,1994,Vermont,120.3,9.9939384,23.299999,,159.60001,24,0,0,1,5,0,0
1080,1995,Vermont,123.2,10.04172,22.799999,,160.10001,25,0,0,1,6,0,0
1081,1996,Vermont,102.5,10.06101,23.299999,,196.39999,26,0,0,1,7,0,0
1082,1997,Vermont,97.699997,10.0434,2.5,,201.89999,27,0,0,1,8,0,0
1083,1998,Vermont,97,,,,213.89999,28,0,0,1,9,0,0
1084,1999,Vermont,94.099998,,,,233.7,29,0,0,1,10,0,0
1085,2000,Vermont,88.900002,,,,301.10001,30,0,0,1,11,0,0
1086,1970,Virginia,124.3,,,0.18942159,28.799999,0,0,0,0,0,0,0
1087,1971,Virginia,128.39999,,,0.1898735,30.200001,1,0,0,0,0,0,0
1088,1972,Virginia,137,9.7364054,,0.19032539,29.9,2,0,0,0,0,0,0
1089,1973,Virginia,143.10001,9.7815247,,0.1907773,30.1,3,0,0,0,0,0,0
1090,1974,Virginia,149.60001,9.7725172,,0.19122919,31.299999,4,0,0,0,0,0,0
1091,1975,Virginia,152.7,9.7617769,,0.1916811,33.599998,5,0,0,0,0,0,0
1092,1976,Virginia,158.10001,9.7995729,,0.19213299,37.900002,6,0,0,0,0,0,0
1093,1977,Virginia,157.7,9.828063,,0.1925849,38.400002,7,0,0,0,0,0,0
1094,1978,Virginia,155.89999,9.8681631,,0.19303671,42.799999,8,0,0,0,0,0,0
1095,1979,Virginia,151.8,9.8708868,,0.1934886,45.799999,9,0,0,0,0,0,0
1096,1980,Virginia,148.89999,9.8665924,,0.19394051,48.5,10,0,0,0,0,0,0
1097,1981,Virginia,149.89999,9.8671904,,0.1898061,51.799999,11,0,0,0,0,0,0
1098,1982,Virginia,147.39999,9.870553,,0.1856717,56.400002,12,0,0,0,0,0,0
1099,1983,Virginia,144.7,9.9070873,,0.1815373,68.800003,13,0,0,0,0,0,0
1100,1984,Virginia,136.8,9.9557095,22.4,0.1774029,76,14,0,0,0,0,0,0
1101,1985,Virginia,134.60001,9.9849701,22.4,0.1732686,83.599998,15,0,0,0,0,0,0
1102,1986,Virginia,135.8,10.03191,23.4,0.1691342,91.300003,16,0,0,0,0,0,0
1103,1987,Virginia,133,10.05443,23.5,0.1649998,94.599998,17,0,0,0,0,0,0
1104,1988,Virginia,129.5,10.07846,23.299999,0.1608654,102.1,18,0,0,0,0,0,0
1105,1989,Virginia,122.5,10.09796,23.6,0.15673099,109.4,19,0,0,1,0,0,0
1106,1990,Virginia,118.9,10.08653,24,0.15259659,128.60001,20,0,0,1,1,0,0
1107,1991,Virginia,109.1,10.07138,23,,136.5,21,0,0,1,2,0,0
1108,1992,Virginia,108.2,10.08065,22.5,,157.89999,22,0,0,1,3,0,0
1109,1993,Virginia,105.4,10.08279,22.200001,,165.7,23,0,0,1,4,0,0
1110,1994,Virginia,106.2,10.10628,21.700001,,156.5,24,0,0,1,5,0,0
1111,1995,Virginia,106.7,10.15624,20.700001,,157.5,25,0,0,1,6,0,0
1112,1996,Virginia,104.6,10.17183,20.6,,159.60001,26,0,0,1,7,0,0
1113,1997,Virginia,108,10.17056,20.5,,159.60001,27,0,0,1,8,0,0
1114,1998,Virginia,105.6,,,,162.2,28,0,0,1,9,0,0
1115,1999,Virginia,102.1,,,,183.7,29,0,0,1,10,0,0
1116,2000,Virginia,96.699997,,,,252.8,30,0,0,1,11,0,0
1117,1970,West Virginia,114.5,,,0.1725917,33.700001,0,0,0,0,0,0,0
1118,1971,West Virginia,111.5,,,0.1731274,41.599998,1,0,0,0,0,0,0
1119,1972,West Virginia,117.5,9.5429878,,0.17366309,41.299999,2,0,0,0,0,0,0
1120,1973,West Virginia,116.6,9.5696554,,0.17419881,39.900002,3,0,0,0,0,0,0
1121,1974,West Virginia,119.9,9.5655956,,0.1747345,42,4,0,0,0,0,0,0
1122,1975,West Virginia,123.2,9.5853043,,0.1752702,45.200001,5,0,0,0,0,0,0
1123,1976,West Virginia,129.7,9.6261644,,0.1758059,48.400002,6,0,0,0,0,0,0
1124,1977,West Virginia,133.89999,9.6583643,,0.17634159,48.900002,7,0,0,0,0,0,0
1125,1978,West Virginia,131.60001,9.6878462,,0.1768773,53.900002,8,0,0,0,0,0,0
1126,1979,West Virginia,122.1,9.6838675,,0.177413,62.400002,9,0,0,0,0,0,0
1127,1980,West Virginia,122.3,9.6520319,,0.1779487,64.300003,10,0,0,0,0,0,0
1128,1981,West Virginia,120.5,9.6292686,,0.17466921,66.199997,11,0,0,0,0,0,0
1129,1982,West Virginia,119.8,9.6267376,,0.17138959,75.099998,12,0,0,0,0,0,0
1130,1983,West Virginia,115.7,9.612957,,0.1681101,88.199997,13,0,0,0,0,0,0
1131,1984,West Virginia,111.9,9.6407785,19.700001,0.16483051,97.199997,14,0,0,0,0,0,0
1132,1985,West Virginia,109.1,9.6517162,19.700001,0.161551,103.2,15,0,0,0,0,0,0
1133,1986,West Virginia,112.1,9.6880007,19.6,0.1582714,104.1,16,0,0,0,0,0,0
1134,1987,West Virginia,107.5,9.6830807,19.9,0.15499189,112.8,17,0,0,0,0,0,0
1135,1988,West Virginia,109.1,9.7083006,20.1,0.1517123,122.2,18,0,0,0,0,0,0
1136,1989,West Virginia,104,9.7247725,20.200001,0.14843281,131.2,19,0,0,1,0,0,0
1137,1990,West Virginia,104.1,9.7483778,21.700001,0.14515319,142.89999,20,0,0,1,1,0,0
1138,1991,West Virginia,100.1,9.7575083,21.5,,144.10001,21,0,0,1,2,0,0
1139,1992,West Virginia,97.900002,9.7847652,21,,158.2,22,0,0,1,3,0,0
1140,1993,West Virginia,111,9.794651,21.6,,166.2,23,0,0,1,4,0,0
1141,1994,West Virginia,104.2,9.8301058,21.5,,150.10001,24,0,0,1,5,0,0
1142,1995,West Virginia,115.2,9.8342695,20.9,,156.8,25,0,0,1,6,0,0
1143,1996,West Virginia,112.7,9.8451862,21,,157.3,26,0,0,1,7,0,0
1144,1997,West Virginia,114.5,9.8371267,21,,160.89999,27,0,0,1,8,0,0
1145,1998,West Virginia,114.6,,,,171.10001,28,0,0,1,9,0,0
1146,1999,West Virginia,112.4,,,,192.39999,29,0,0,1,10,0,0
1147,2000,West Virginia,107.9,,,,253.7,30,0,0,1,11,0,0
1148,1970,Wisconsin,106.4,,,0.17428701,38.5,0,0,0,0,0,0,0
1149,1971,Wisconsin,105.4,,,0.1763441,40.200001,1,0,0,0,0,0,0
1150,1972,Wisconsin,108.8,9.749259,,0.1784011,40.299999,2,0,0,0,0,0,0
1151,1973,Wisconsin,109.5,9.7977514,,0.1804582,42.599998,3,0,0,0,0,0,0
1152,1974,Wisconsin,111.8,9.7823486,,0.1825152,43.900002,4,0,0,0,0,0,0
1153,1975,Wisconsin,113.5,9.7661839,,0.18457229,46.599998,5,0,0,0,0,0,0
1154,1976,Wisconsin,115.4,9.8076086,,0.1866294,51.299999,6,0,0,0,0,0,0
1155,1977,Wisconsin,117.2,9.8522978,,0.1886864,52.099998,7,0,0,0,0,0,0
1156,1978,Wisconsin,116.7,9.8898201,,0.19074351,57.099998,8,0,0,0,0,0,0
1157,1979,Wisconsin,117.1,9.892312,,0.1928006,58.700001,9,0,0,0,0,0,0
1158,1980,Wisconsin,117.6,9.8555841,,0.1948576,61.200001,10,0,0,0,0,0,0
1159,1981,Wisconsin,119.9,9.8342934,,0.1897798,64.900002,11,0,0,0,0,0,0
1160,1982,Wisconsin,115.6,9.8212986,,0.18470199,75,12,0,0,0,0,0,0
1161,1983,Wisconsin,106.3,9.8383503,,0.1796242,92,13,0,0,0,0,0,0
1162,1984,Wisconsin,105.6,9.8815489,32.900002,0.17454641,100.8,14,0,0,0,0,0,0
1163,1985,Wisconsin,107,9.8943863,32.099998,0.1694686,106.8,15,0,0,0,0,0,0
1164,1986,Wisconsin,105.4,9.9329729,32.700001,0.1643908,110.8,16,0,0,0,0,0,0
1165,1987,Wisconsin,106,9.9412937,31.5,0.15931299,116.3,17,0,0,0,0,0,0
1166,1988,Wisconsin,102.6,9.9472141,31,0.1542352,128.60001,18,0,0,0,0,0,0
1167,1989,Wisconsin,100.3,9.9652624,30.200001,0.1491573,138.3,19,0,0,1,0,0,0
1168,1990,Wisconsin,94,9.9693375,30.5,0.14407951,151.10001,20,0,0,1,1,0,0
1169,1991,Wisconsin,95.5,9.9605207,29,,158.60001,21,0,0,1,2,0,0
1170,1992,Wisconsin,96.199997,9.9926596,28.1,,176.5,22,0,0,1,3,0,0
1171,1993,Wisconsin,91.199997,9.9995327,28.299999,,195.5,23,0,0,1,4,0,0
1172,1994,Wisconsin,91.800003,10.03168,28.299999,,178.60001,24,0,0,1,5,0,0
1173,1995,Wisconsin,93.5,10.07112,28,,188,25,0,0,1,6,0,0
1174,1996,Wisconsin,92.099998,10.09,27.6,,200.5,26,0,0,1,7,0,0
1175,1997,Wisconsin,91.900002,10.09384,28.6,,200.7,27,0,0,1,8,0,0
1176,1998,Wisconsin,88.699997,,,,210.8,28,0,0,1,9,0,0
1177,1999,Wisconsin,84.400002,,,,243.5,29,0,0,1,10,0,0
1178,2000,Wisconsin,80.099998,,,,312.79999,30,0,0,1,11,0,0
1179,1970,Wyoming,132.2,,,0.1746988,34.099998,0,0,0,0,0,0,0
1180,1971,Wyoming,131.7,,,0.1772289,34.400002,1,0,0,0,0,0,0
1181,1972,Wyoming,140,9.7667103,,0.179759,34.400002,2,0,0,0,0,0,0
1182,1973,Wyoming,141.2,9.8434849,,0.1822892,34.400002,3,0,0,0,0,0,0
1183,1974,Wyoming,145.8,9.8592901,,0.1848193,35.799999,4,0,0,0,0,0,0
1184,1975,Wyoming,160.7,9.8481035,,0.18734939,38.599998,5,0,0,0,0,0,0
1185,1976,Wyoming,161.5,9.8714981,,0.18987951,42.599998,6,0,0,0,0,0,0
1186,1977,Wyoming,160.39999,9.9239206,,0.1924096,43.400002,7,0,0,0,0,0,0
1187,1978,Wyoming,160.3,10.00353,,0.19493981,49.799999,8,0,0,0,0,0,0
1188,1979,Wyoming,168.60001,10.01674,,0.19746991,51.700001,9,0,0,0,0,0,0
1189,1980,Wyoming,158.10001,10.01396,,0.2,55.299999,10,0,0,0,0,0,0
1190,1981,Wyoming,163.10001,9.9997196,,0.19355179,55.900002,11,0,0,0,0,0,0
1191,1982,Wyoming,157.7,9.9453144,,0.1871035,64.300003,12,0,0,0,0,0,0
1192,1983,Wyoming,141.2,9.8841877,,0.1806553,71,13,0,0,0,0,0,0
1193,1984,Wyoming,128.89999,9.8843517,26.299999,0.174207,81.699997,14,0,0,0,0,0,0
1194,1985,Wyoming,125.7,9.9106588,26,0.16775879,87.400002,15,0,0,0,0,0,0
1195,1986,Wyoming,124.8,9.8742666,24.5,0.1613106,97.800003,16,0,0,0,0,0,0
1196,1987,Wyoming,110.4,9.8398495,24.5,0.1548623,102.7,17,0,0,0,0,0,0
1197,1988,Wyoming,114.3,9.8706474,23.6,0.14841411,112.9,18,0,0,0,0,0,0
1198,1989,Wyoming,111.4,9.892477,23,0.1419659,118.6,19,0,0,1,0,0,0
1199,1990,Wyoming,96.900002,9.9393129,25.1,0.1355176,129.5,20,0,0,1,1,0,0
1200,1991,Wyoming,109.1,9.9784079,24.700001,,136,21,0,0,1,2,0,0
1201,1992,Wyoming,110.8,9.9793291,24.700001,,155.10001,22,0,0,1,3,0,0
1202,1993,Wyoming,108.4,9.9951229,24.299999,,166.89999,23,0,0,1,4,0,0
1203,1994,Wyoming,111.2,10.00381,25,,147.39999,24,0,0,1,5,0,0
1204,1995,Wyoming,115,10.00949,23.6,,153,25,0,0,1,6,0,0
1205,1996,Wyoming,110.3,10.01677,24.6,,162.5,26,0,0,1,7,0,0
1206,1997,Wyoming,108.8,10.02561,24.6,,164.10001,27,0,0,1,8,0,0
1207,1998,Wyoming,102.9,,,,168.8,28,0,0,1,9,0,0
1208,1999,Wyoming,104.8,,,,189.60001,29,0,0,1,10,0,0
1209,2000,Wyoming,90.5,,,,267.10001,30,0,0,1,11,0,0
